,date,open,high,low,close,Adj Close,volume,DATE,Predicted
2,2014-01-06,10.026666641235352,9.682666778564453,10.0,9.800000190734863,80416500.0,9.800000190734863,2014-01-06,13.988569329579672
4,2014-01-08,10.24666690826416,9.917332649230957,9.923333168029785,10.085332870483398,92448000.0,10.085332870483398,2014-01-08,13.939742724100748
7,2014-01-13,9.800000190734863,9.187999725341797,9.718667030334473,9.28933334350586,94741500.0,9.28933334350586,2014-01-13,14.295122375488281
9,2014-01-15,11.482000350952148,10.80666732788086,11.229999542236328,10.942000389099121,306984000.0,10.942000389099121,2014-01-15,13.849646546045939
12,2014-01-21,11.81933307647705,11.387332916259766,11.416000366210938,11.778667449951172,146020500.0,11.778667449951172,2014-01-21,13.93487317721049
13,2014-01-22,12.021332740783691,11.650667190551758,11.854000091552734,11.904000282287598,105339000.0,11.904000282287598,2014-01-22,15.189288708368936
17,2014-01-28,11.932000160217285,11.399999618530273,11.433333396911621,11.892000198364258,91401000.0,11.892000198364258,2014-01-28,15.189288708368936
17,2014-01-28,11.932000160217285,11.399999618530273,11.433333396911621,11.892000198364258,91401000.0,11.892000198364258,2014-01-28,15.189288708368936
19,2014-01-30,12.3186674118042,11.800666809082031,11.866666793823242,12.189332962036133,128475000.0,12.189332962036133,2014-01-30,16.605784336725872
20,2014-01-31,12.399999618530273,11.900667190551758,11.923333168029785,12.093999862670898,97632000.0,12.093999862670898,2014-01-31,17.188322909673055
24,2014-02-06,12.007332801818848,11.733332633972168,11.75333309173584,11.892000198364258,87624000.0,11.892000198364258,2014-02-06,15.189288708368936
24,2014-02-06,12.007332801818848,11.733332633972168,11.75333309173584,11.892000198364258,87624000.0,11.892000198364258,2014-02-06,15.189288708368936
25,2014-02-07,12.442000389099121,11.973333358764648,12.067333221435547,12.435333251953125,133927500.0,12.435333251953125,2014-02-07,15.761664819717407
28,2014-02-12,13.218000411987305,12.954667091369629,13.052000045776367,13.021332740783691,77605500.0,13.021332740783691,2014-02-12,15.761930898030599
34,2014-02-21,14.26533317565918,13.946000099182129,14.109333038330078,13.973333358764648,117282000.0,13.973333358764648,2014-02-21,16.813248219225144
36,2014-02-25,17.280000686645508,15.229999542236328,15.333333015441895,16.53333282470703,490225500.0,16.53333282470703,2014-02-25,19.03811778386434
37,2014-02-26,17.666667938232422,16.5,17.238666534423828,16.866666793823242,369069000.0,16.866666793823242,2014-02-26,16.23978218269348
40,2014-03-03,16.77666664123535,15.666000366210938,15.817333221435547,16.70400047302246,196339500.0,16.70400047302246,2014-03-03,16.560457588831582
43,2014-03-06,17.166667938232422,16.6299991607666,16.94266700744629,16.862667083740234,110416500.0,16.862667083740234,2014-03-06,18.833585990269977
46,2014-03-11,16.30666732788086,15.495332717895508,15.766667366027832,15.62733268737793,132151500.0,15.62733268737793,2014-03-11,19.25968257904053
51,2014-03-18,16.100000381469727,15.668000221252441,15.796667098999023,16.002666473388672,93634500.0,16.002666473388672,2014-03-18,25.097238165537515
54,2014-03-21,15.74666690826416,15.166666984558105,15.73466682434082,15.259332656860352,123253500.0,15.259332656860352,2014-03-21,16.897456617143416
58,2014-03-27,14.239999771118164,13.533332824707031,14.157999992370605,13.821332931518555,142435500.0,13.821332931518555,2014-03-27,15.19192478497823
60,2014-03-31,14.449999809265137,13.759332656860352,14.433333396911621,13.896666526794434,125700000.0,13.896666526794434,2014-03-31,16.221129503250122
71,2014-04-15,13.28600025177002,12.288000106811523,13.272666931152344,12.927332878112793,204889500.0,12.927332878112793,2014-04-15,15.858355967203776
85,2014-05-06,14.577333450317383,13.789999961853027,14.4399995803833,13.8186674118042,84550500.0,13.8186674118042,2014-05-06,15.19192478497823
95,2014-05-20,13.288666725158691,12.871333122253418,13.129332542419434,13.020000457763672,83191500.0,13.020000457763672,2014-05-20,15.761930898030599
96,2014-05-21,13.324666976928711,12.986000061035156,13.078666687011719,13.296667098999023,79281000.0,13.296667098999023,2014-05-21,15.231688264778683
98,2014-05-23,13.850666999816895,13.5,13.635333061218262,13.819999694824219,60102000.0,13.819999694824219,2014-05-23,15.19192478497823
99,2014-05-27,14.258000373840332,13.846667289733887,13.90133285522461,14.104000091552734,80116500.0,14.104000091552734,2014-05-27,15.204013115564981
100,2014-05-28,14.184666633605957,13.684000015258789,14.001333236694336,14.015999794006348,82426500.0,14.015999794006348,2014-05-28,15.817153500715891
101,2014-05-29,14.166000366210938,13.847999572753906,14.038000106811523,14.015999794006348,55387500.0,14.015999794006348,2014-05-29,15.817153500715891
108,2014-06-09,13.999333381652832,13.613332748413086,13.863332748413086,13.687333106994629,42085500.0,13.687333106994629,2014-06-09,14.478897326787314
109,2014-06-10,13.79800033569336,13.436667442321777,13.628666877746582,13.486666679382324,52720500.0,13.486666679382324,2014-06-10,16.48053397814433
110,2014-06-11,13.666666984558105,13.283332824707031,13.433333396911621,13.631333351135254,59662500.0,13.631333351135254,2014-06-11,15.811568380991618
111,2014-06-12,13.991999626159668,13.513999938964844,13.673333168029785,13.567999839782715,89905500.0,13.567999839782715,2014-06-12,15.394712934494018
113,2014-06-16,15.03266716003418,13.750666618347168,13.784000396728516,14.973999977111816,198696000.0,14.973999977111816,2014-06-16,15.766173799832663
115,2014-06-18,15.447333335876465,15.074666976928711,15.433333396911621,15.141332626342773,104103000.0,15.141332626342773,2014-06-18,13.887897634778705
116,2014-06-19,15.687333106994629,15.133333206176758,15.2586669921875,15.185999870300293,131896500.0,15.185999870300293,2014-06-19,13.92761077562968
117,2014-06-20,15.419333457946777,15.079999923706055,15.23466682434082,15.305999755859375,73558500.0,15.305999755859375,2014-06-20,20.164693603515627
118,2014-06-23,15.932666778564453,15.214667320251465,15.300666809082031,15.814666748046875,116866500.0,15.814666748046875,2014-06-23,13.849346424738567
127,2014-07-07,15.3186674118042,14.69333267211914,15.166666984558105,14.843999862670898,88405500.0,14.843999862670898,2014-07-07,13.617221902211508
133,2014-07-15,15.176667213439941,14.539999961853027,15.11533260345459,14.638667106628418,85777500.0,14.638667106628418,2014-07-15,16.14404980632994
138,2014-07-22,14.886667251586914,14.607333183288574,14.812666893005371,14.638667106628418,40950000.0,14.638667106628418,2014-07-22,16.14404980632994
140,2014-07-24,15.006667137145996,14.720000267028809,14.883333206176758,14.902667045593262,48682500.0,14.902667045593262,2014-07-24,13.744333915710449
141,2014-07-25,15.131333351135254,14.783332824707031,14.847999572753906,14.904666900634766,46306500.0,14.904666900634766,2014-07-25,13.61292059580485
142,2014-07-28,15.466667175292969,14.760000228881836,14.949999809265137,14.98799991607666,97714500.0,14.98799991607666,2014-07-28,13.10339774608612
146,2014-08-01,15.833333015441895,15.066666603088379,15.072667121887207,15.5513334274292,178437000.0,15.5513334274292,2014-08-01,15.274044211705526
147,2014-08-04,16.03333282470703,15.5513334274292,15.625332832336426,15.90133285522461,89395500.0,15.90133285522461,2014-08-04,15.672495409647624
151,2014-08-08,16.784000396728516,16.433332443237305,16.743999481201172,16.54199981689453,76351500.0,16.54199981689453,2014-08-08,14.787784271240234
164,2014-08-27,17.615999221801758,17.3526668548584,17.566667556762695,17.549999237060547,44776500.0,17.549999237060547,2014-08-27,22.969294834136964
167,2014-09-02,18.992666244506836,18.286666870117188,18.366666793823242,18.941333770751953,147786000.0,18.941333770751953,2014-09-02,16.41341821352641
170,2014-09-05,18.860000610351562,18.167333602905273,18.836666107177734,18.492666244506836,167548500.0,18.492666244506836,2014-09-05,19.254949220021565
172,2014-09-09,19.03266716003418,18.46666717529297,18.865999221801758,18.565332412719727,68382000.0,18.565332412719727,2014-09-09,17.32184870084127
179,2014-09-18,17.706666946411133,17.488000869750977,17.55733299255371,17.58799934387207,55389000.0,17.58799934387207,2014-09-18,15.175991195042927
185,2014-09-26,16.648666381835938,16.404666900634766,16.549999237060547,16.440000534057617,56931000.0,16.440000534057617,2014-09-26,14.500215918223063
185,2014-09-26,16.648666381835938,16.404666900634766,16.549999237060547,16.440000534057617,56931000.0,16.440000534057617,2014-09-26,14.500215918223063
186,2014-09-29,16.576000213623047,16.091999053955078,16.266666412353516,16.35066795349121,72790500.0,16.35066795349121,2014-09-29,20.4769703356425
188,2014-10-01,16.17733383178711,15.710000038146973,16.14666748046875,16.016000747680664,89125500.0,16.016000747680664,2014-10-01,19.923533744812012
191,2014-10-06,17.499332427978516,17.18666648864746,17.275333404541016,17.374666213989258,115699500.0,17.374666213989258,2014-10-06,14.753042271931966
194,2014-10-09,17.702667236328125,16.959999084472656,17.483333587646484,17.134000778198242,110419500.0,17.134000778198242,2014-10-09,24.893691097895303
196,2014-10-13,15.93066692352295,14.733332633972168,15.904666900634766,14.97266674041748,169030500.0,14.97266674041748,2014-10-13,15.766173799832663
200,2014-10-17,15.65133285522461,15.103333473205566,15.558667182922363,15.165332794189453,158241000.0,15.165332794189453,2014-10-17,14.19489886601766
204,2014-10-23,15.751999855041504,15.466667175292969,15.644000053405762,15.685999870300293,52386000.0,15.685999870300293,2014-10-23,13.8120175075531
206,2014-10-27,15.640666961669922,14.687333106994629,15.616666793823242,14.777999877929688,143299500.0,14.777999877929688,2014-10-27,18.623875942230224
210,2014-10-31,16.20800018310547,15.916666984558105,16.167333602905273,16.113332748413086,56629500.0,16.113332748413086,2014-10-31,14.922689309332108
215,2014-11-07,16.189332962036133,15.813332557678223,16.145999908447266,16.01333236694336,77415000.0,16.01333236694336,2014-11-07,19.92740929921468
217,2014-11-11,16.788000106811523,16.133333206176758,16.170000076293945,16.738666534423828,119232000.0,16.738666534423828,2014-11-11,21.33906615893046
222,2014-11-18,17.332666397094727,17.034000396728516,17.05733299255371,17.18000030517578,67095000.0,17.18000030517578,2014-11-18,24.138260412216187
224,2014-11-20,16.728666305541992,16.399999618530273,16.530000686645508,16.58066749572754,53808000.0,16.58066749572754,2014-11-20,17.26469359079997
229,2014-11-28,16.445999145507812,16.167999267578125,16.356666564941406,16.301332473754883,31795500.0,16.301332473754883,2014-11-28,26.317544377644857
237,2014-12-10,14.451333045959473,13.846667289733887,14.275333404541016,13.989333152770996,109711500.0,13.989333152770996,2014-12-10,16.163531386587355
241,2014-12-16,13.578666687011719,13.024666786193848,13.392666816711426,13.187333106994629,126391500.0,13.187333106994629,2014-12-16,14.15492190361023
249,2014-12-29,15.194000244140625,14.934666633605957,15.126667022705078,15.047332763671875,42037500.0,15.047332763671875,2014-12-29,15.288326886494955
253,2015-01-05,14.433333396911621,13.810667037963867,14.303333282470703,14.005999565124512,80527500.0,14.005999565124512,2015-01-05,15.181220446654727
259,2015-01-13,13.840666770935059,13.394000053405762,13.554667472839355,13.616666793823242,67159500.0,13.616666793823242,2015-01-13,14.950113315582275
262,2015-01-16,12.965999603271484,12.643333435058594,12.713333129882812,12.871333122253418,54048000.0,12.871333122253418,2015-01-16,17.119302800178527
263,2015-01-20,12.941332817077637,12.469332695007324,12.924667358398438,12.795332908630371,67548000.0,12.795332908630371,2015-01-20,14.608004480997721
270,2015-01-29,13.732000350952148,13.100000381469727,13.404666900634766,13.680000305175781,53221500.0,13.680000305175781,2015-01-29,13.645331013997396
275,2015-02-05,15.031999588012695,14.642666816711426,14.658666610717773,14.732666969299316,52843500.0,14.732666969299316,2015-02-05,13.955913874308267
278,2015-02-10,14.699999809265137,14.333333015441895,14.50333309173584,14.419333457946777,80857500.0,14.419333457946777,2015-02-10,13.947392172192771
281,2015-02-13,13.732666969299316,13.394000053405762,13.526666641235352,13.584667205810547,92865000.0,13.584667205810547,2015-02-13,15.14330708503723
284,2015-02-19,14.162667274475098,13.583333015441895,13.666666984558105,14.11400032043457,77311500.0,14.11400032043457,2015-02-19,13.614048817952474
286,2015-02-23,14.546667098999023,13.755332946777344,14.37733268737793,13.822667121887207,127497000.0,13.822667121887207,2015-02-23,14.812451527913412
287,2015-02-24,13.81933307647705,13.446666717529297,13.81933307647705,13.607333183288574,99054000.0,13.607333183288574,2015-02-24,13.40231107711792
289,2015-02-26,14.072667121887207,13.481332778930664,13.600000381469727,13.812666893005371,97093500.0,13.812666893005371,2015-02-26,15.726568902333577
298,2015-03-11,13.078666687011719,12.734000205993652,12.743332862854004,12.916000366210938,74623500.0,12.916000366210938,2015-03-11,13.787944955825806
299,2015-03-12,12.963333129882812,12.649999618530273,12.916666984558105,12.73799991607666,62239500.0,12.73799991607666,2015-03-12,17.21628479639689
300,2015-03-13,12.783332824707031,12.48799991607666,12.596667289733887,12.578666687011719,81514500.0,12.578666687011719,2015-03-13,17.601564795176188
308,2015-03-25,13.239333152770996,12.846667289733887,13.218000411987305,12.953332901000977,85956000.0,12.953332901000977,2015-03-25,13.704088687896729
311,2015-03-30,12.816666603088379,12.119999885559082,12.390000343322754,12.704667091369629,151342500.0,12.704667091369629,2015-03-30,16.562675768534344
313,2015-04-01,12.819999694824219,12.403332710266113,12.579999923706055,12.505999565124512,56919000.0,12.505999565124512,2015-04-01,16.960856177012126
318,2015-04-09,14.024666786193848,13.7413330078125,13.895333290100098,14.005999565124512,57003000.0,14.005999565124512,2015-04-09,15.181220446654727
324,2015-04-17,13.791999816894531,13.566666603088379,13.666000366210938,13.78600025177002,37048500.0,13.78600025177002,2015-04-17,17.263428659439086
325,2015-04-20,13.856666564941406,13.59000015258789,13.785332679748535,13.684666633605957,38389500.0,13.684666633605957,2015-04-20,14.208053045272827
328,2015-04-23,14.76533317565918,14.476667404174805,14.5513334274292,14.573332786560059,66168000.0,14.573332786560059,2015-04-23,14.19182196299235
330,2015-04-27,15.916666984558105,14.800000190734863,14.837332725524902,15.436667442321777,175089000.0,15.436667442321777,2015-04-27,12.904892861048381
339,2015-05-08,15.894000053405762,15.579999923706055,15.732666969299316,15.77400016784668,70023000.0,15.77400016784668,2015-05-08,16.72105532646179
340,2015-05-11,16.191999435424805,15.687333106994629,15.752667427062988,15.965999603271484,85084500.0,15.965999603271484,2015-05-11,16.187346556981403
341,2015-05-12,16.42333221435547,15.879332542419434,16.007333755493164,16.31599998474121,95451000.0,16.31599998474121,2015-05-12,28.32685516357422
344,2015-05-15,16.626667022705078,16.166667938232422,16.261999130249023,16.589332580566406,67914000.0,16.589332580566406,2015-05-15,16.61442667007446
350,2015-05-26,16.799999237060547,16.433332443237305,16.511999130249023,16.497333526611328,52480500.0,16.497333526611328,2015-05-26,15.54052272160848
351,2015-05-27,16.633333206176758,16.3700008392334,16.567333221435547,16.495332717895508,51123000.0,16.495332717895508,2015-05-27,15.467907174428303
353,2015-05-29,16.857999801635742,16.6286678314209,16.733333587646484,16.719999313354492,56839500.0,16.719999313354492,2015-05-29,22.68299558321635
357,2015-06-04,16.6200008392334,16.380666732788086,16.5,16.39466667175293,36804000.0,16.39466667175293,2015-06-04,19.754394035339356
358,2015-06-05,16.64666748046875,16.3786678314209,16.399999618530273,16.609333038330078,45330000.0,16.609333038330078,2015-06-05,15.212677869796753
359,2015-06-08,17.25,16.687332153320312,16.72333335876465,17.086000442504883,75255000.0,17.086000442504883,2015-06-08,19.537582213083905
360,2015-06-09,17.182666778564453,16.94266700744629,17.02666664123535,17.066667556762695,39166500.0,17.066667556762695,2015-06-09,20.872226740519206
361,2015-06-10,16.933332443237305,16.566667556762695,16.793333053588867,16.713333129882812,51817500.0,16.713333129882812,2015-06-10,22.642062253952027
363,2015-06-12,16.8973331451416,16.680667877197266,16.680667877197266,16.71266746520996,21334500.0,16.71266746520996,2015-06-12,22.642062253952027
367,2015-06-18,17.56399917602539,17.334667205810547,17.46666717529297,17.459333419799805,41740500.0,17.459333419799805,2015-06-18,23.033944187164305
370,2015-06-23,17.866666793823242,17.238000869750977,17.35466766357422,17.844667434692383,58062000.0,17.844667434692383,2015-06-23,16.227913659413655
372,2015-06-25,18.0939998626709,17.683332443237305,17.76333236694336,17.91933250427246,42738000.0,17.91933250427246,2015-06-25,19.44951062520345
374,2015-06-29,17.729999542236328,17.3799991607666,17.463333129882812,17.468000411987305,52183500.0,17.468000411987305,2015-06-29,18.648071886698403
375,2015-06-30,18.06133270263672,17.600000381469727,17.65333366394043,17.884000778198242,46303500.0,17.884000778198242,2015-06-30,15.626381708780924
377,2015-07-02,18.829999923706055,18.220666885375977,18.68000030517578,18.667999267578125,107458500.0,18.667999267578125,2015-07-02,16.255573507944742
386,2015-07-16,17.81333351135254,17.54400062561035,17.614667892456055,17.778667449951172,24240000.0,17.778667449951172,2015-07-16,15.849020042419433
389,2015-07-21,18.233333587646484,17.770000457763672,18.003332138061523,17.784666061401367,91630500.0,17.784666061401367,2015-07-21,16.84455995241801
392,2015-07-24,18.07266616821289,17.594667434692383,17.825332641601562,17.694000244140625,42547500.0,17.694000244140625,2015-07-24,14.88001570701599
395,2015-07-29,17.859333038330078,17.46666717529297,17.618000030517578,17.58799934387207,41851500.0,17.58799934387207,2015-07-29,15.175991195042927
396,2015-07-30,17.79599952697754,17.474000930786133,17.512666702270508,17.785999298095703,30519000.0,17.785999298095703,2015-07-30,16.84455995241801
397,2015-07-31,17.957332611083984,17.674667358398438,17.84000015258789,17.74333381652832,33339000.0,17.74333381652832,2015-07-31,19.411426515579222
410,2015-08-19,17.376667022705078,17.001333236694336,17.35533332824707,17.016666412353516,54064500.0,17.016666412353516,2015-08-19,15.219386447270711
412,2015-08-21,16.253332138061523,15.36733341217041,15.733332633972168,15.38466739654541,98853000.0,15.38466739654541,2015-08-21,17.920293503579643
415,2015-08-26,15.199999809265137,14.36733341217041,15.195332527160645,14.989333152770996,74445000.0,14.989333152770996,2015-08-26,13.10339774608612
419,2015-09-01,16.399999618530273,15.79800033569336,16.022666931152344,15.908666610717773,81822000.0,15.908666610717773,2015-09-01,14.91383134206136
423,2015-09-08,16.610666275024414,16.270000457763672,16.336666107177734,16.544666290283203,47073000.0,16.544666290283203,2015-09-08,14.205966472625732
426,2015-09-11,16.682666778564453,16.315332412719727,16.50933265686035,16.682666778564453,35262000.0,16.682666778564453,2015-09-11,15.740306463241577
430,2015-09-17,17.700000762939453,17.37933349609375,17.597333908081055,17.471332550048828,53787000.0,17.471332550048828,2015-09-17,21.004031613667806
431,2015-09-18,17.58799934387207,17.166667938232422,17.19733238220215,17.374666213989258,56446500.0,17.374666213989258,2015-09-18,14.753042271931966
438,2015-09-29,16.98200035095215,16.36400032043457,16.69733238220215,16.44333267211914,55548000.0,16.44333267211914,2015-09-29,14.031595916748048
441,2015-10-02,16.51333236694336,15.661999702453613,15.706666946411133,16.504667282104492,66360000.0,16.504667282104492,2015-10-02,16.563735949198406
447,2015-10-12,14.866666793823242,14.351332664489746,14.866000175476074,14.371999740600586,57544500.0,14.371999740600586,2015-10-12,20.557839365005492
450,2015-10-15,14.781999588012695,14.24666690826416,14.428667068481445,14.753999710083008,42663000.0,14.753999710083008,2015-10-15,13.528133443196614
452,2015-10-19,15.40999984741211,14.996000289916992,15.100000381469727,15.206666946411133,37618500.0,15.206666946411133,2015-10-19,16.32440201441447
453,2015-10-20,15.239999771118164,13.466667175292969,15.1813325881958,14.20199966430664,223500000.0,14.20199966430664,2015-10-20,14.203393179507485
454,2015-10-21,14.320667266845703,13.920000076293945,14.13266658782959,14.005999565124512,62272500.0,14.005999565124512,2015-10-21,15.181220446654727
455,2015-10-22,14.383333206176758,13.960000038146973,14.104000091552734,14.114666938781738,42378000.0,14.114666938781738,2015-10-22,13.614048817952474
463,2015-11-03,14.295999526977539,13.850000381469727,14.256667137145996,13.890000343322754,124987500.0,13.890000343322754,2015-11-03,16.52921846707662
465,2015-11-05,15.638667106628418,15.279333114624023,15.371999740600586,15.451333045959473,67452000.0,15.451333045959473,2015-11-05,20.540195716222126
470,2015-11-12,14.600000381469727,14.177332878112793,14.523332595825195,14.196000099182129,43738500.0,14.196000099182129,2015-11-12,14.183417625359128
471,2015-11-13,14.199333190917969,13.767999649047852,14.196666717529297,13.812666893005371,51454500.0,13.812666893005371,2015-11-13,15.726568902333577
474,2015-11-18,14.7586669921875,14.168000221252441,14.300000190734863,14.73799991607666,42178500.0,14.73799991607666,2015-11-18,13.949147208531697
479,2015-11-25,15.388667106628418,14.692000389099121,14.755999565124512,15.309332847595215,59862000.0,15.309332847595215,2015-11-25,20.22165739583969
481,2015-11-30,15.618666648864746,15.272000312805176,15.452667236328125,15.350666999816895,39897000.0,15.350666999816895,2015-11-30,13.688406429290772
482,2015-12-01,15.866666793823242,15.403332710266113,15.404000282287598,15.812666893005371,56010000.0,15.812666893005371,2015-12-01,13.849346424738567
488,2015-12-09,15.166666984558105,14.714667320251465,15.113332748413086,14.968000411987305,45867000.0,14.968000411987305,2015-12-09,15.766173799832663
492,2015-12-15,14.814666748046875,14.533332824707031,14.788000106811523,14.739333152770996,33666000.0,14.739333152770996,2015-12-15,13.949147208531697
500,2015-12-28,15.465332984924316,15.03600025177002,15.432666778564453,15.263333320617676,28519500.0,15.263333320617676,2015-12-28,17.50566686948141
501,2015-12-29,15.847999572753906,15.303333282470703,15.337332725524902,15.812666893005371,36094500.0,15.812666893005371,2015-12-29,13.849346424738567
504,2016-01-04,15.425333023071289,14.600000381469727,15.381333351135254,14.894000053405762,102406500.0,14.894000053405762,2016-01-04,14.984937442143758
506,2016-01-06,14.670000076293945,14.398667335510254,14.666666984558105,14.602666854858398,56686500.0,14.602666854858398,2016-01-06,14.340918289820353
507,2016-01-07,14.562666893005371,14.244667053222656,14.279333114624023,14.376667022705078,53314500.0,14.376667022705078,2016-01-07,20.56178605079651
514,2016-01-19,14.031332969665527,13.385333061218262,13.913999557495117,13.64799976348877,60580500.0,13.64799976348877,2016-01-19,16.65391772588094
517,2016-01-22,13.699999809265137,13.268667221069336,13.653332710266113,13.50333309173584,46861500.0,13.50333309173584,2016-01-22,15.448137362798056
525,2016-02-03,12.262666702270508,11.345333099365234,12.239333152770996,11.565333366394043,118971000.0,11.565333366394043,2016-02-03,14.17309804916382
527,2016-02-05,11.533332824707031,10.515999794006348,11.420000076293945,10.84000015258789,141564000.0,10.84000015258789,2016-02-05,13.714775762557984
528,2016-02-08,10.476667404174805,9.733332633972168,10.473333358764648,9.866000175476074,139695000.0,9.866000175476074,2016-02-08,14.14078917503357
540,2016-02-25,12.567999839782715,11.680000305175781,11.90999984741211,12.495332717895508,86260500.0,12.495332717895508,2016-02-25,16.702500648498535
542,2016-02-29,13.09000015258789,12.614666938781738,12.826666831970215,12.795332908630371,67485000.0,12.795332908630371,2016-02-29,14.608004480997721
544,2016-03-02,12.567999839782715,12.100000381469727,12.248666763305664,12.555999755859375,72936000.0,12.555999755859375,2016-03-02,17.690980180104575
556,2016-03-18,15.631999969482422,15.204000473022461,15.273332595825195,15.515999794006348,70677000.0,15.515999794006348,2016-03-18,13.972326380411785
561,2016-03-28,15.654000282287598,15.0,15.440667152404785,15.350666999816895,58885500.0,15.350666999816895,2016-03-28,13.688406429290772
562,2016-03-29,15.491999626159668,15.022000312805176,15.326000213623047,15.342000007629395,60214500.0,15.342000007629395,2016-03-29,14.967224807739258
565,2016-04-01,16.52666664123535,15.550000190734863,16.32200050354004,15.839332580566406,239962500.0,15.839332580566406,2016-04-01,25.215686842600505
571,2016-04-11,17.266000747680664,16.35333251953125,16.733333587646484,16.661333084106445,137425500.0,16.661333084106445,2016-04-11,18.21510895093282
572,2016-04-12,16.786666870117188,16.242000579833984,16.633333206176758,16.521333694458008,86448000.0,16.521333694458008,2016-04-12,26.783844677607217
578,2016-04-20,16.910667419433594,16.100000381469727,16.417333602905273,16.6646671295166,77911500.0,16.6646671295166,2016-04-20,18.23530894915263
586,2016-05-02,16.21266746520996,15.654666900634766,16.100000381469727,16.1200008392334,57658500.0,16.1200008392334,2016-05-02,15.286070197211378
587,2016-05-03,15.927332878112793,15.441332817077637,15.824000358581543,15.48799991607666,64533000.0,15.48799991607666,2016-05-03,14.965753860473633
590,2016-05-06,14.424667358398438,13.87399959564209,14.057999610900879,14.328666687011719,85278000.0,14.328666687011719,2016-05-06,14.962260348002117
594,2016-05-12,14.111332893371582,13.577333450317383,14.095999717712402,13.8186674118042,54757500.0,13.8186674118042,2016-05-12,15.19192478497823
595,2016-05-13,14.079999923706055,13.779999732971191,13.85200023651123,13.840666770935059,42342000.0,13.840666770935059,2016-05-13,17.556061662038168
596,2016-05-16,14.210000038146973,13.861332893371582,13.876667022705078,13.88599967956543,44241000.0,13.88599967956543,2016-05-16,17.8934716574351
602,2016-05-24,14.582667350769043,14.345333099365234,14.4399995803833,14.52733325958252,45207000.0,14.52733325958252,2016-05-24,13.185326805114746
603,2016-05-25,14.757332801818848,14.434000015258789,14.52733325958252,14.638667106628418,46902000.0,14.638667106628418,2016-05-25,16.14404980632994
606,2016-05-31,14.983332633972168,14.766667366027832,14.869333267211914,14.881999969482422,41835000.0,14.881999969482422,2016-05-31,13.731499964396159
610,2016-06-06,14.726667404174805,14.363332748413086,14.533332824707031,14.711999893188477,33742500.0,14.711999893188477,2016-06-06,19.65599142710368
611,2016-06-07,15.629332542419434,14.767999649047852,14.815999984741211,15.489333152770996,93204000.0,15.489333152770996,2016-06-07,13.608400541941325
619,2016-06-17,14.666000366210938,14.300000190734863,14.52066707611084,14.364666938781738,46689000.0,14.364666938781738,2016-06-17,15.820119543075561
623,2016-06-23,13.170000076293945,12.808667182922363,13.045999526977539,13.09333324432373,151960500.0,13.09333324432373,2016-06-23,13.88474884668986
630,2016-07-05,14.302666664123535,13.866666793823242,13.982000350952148,14.26533317565918,77629500.0,14.26533317565918,2016-07-05,12.009851760864258
635,2016-07-12,15.166666984558105,14.881333351135254,14.9399995803833,14.976667404174805,68569500.0,14.976667404174805,2016-07-12,15.856646440823873
638,2016-07-15,14.850000381469727,14.642666816711426,14.834667205810547,14.69333267211914,33513000.0,14.69333267211914,2016-07-15,14.695282198588053
640,2016-07-19,15.273332595825195,14.983332633972168,15.0,15.017333030700684,46726500.0,15.017333030700684,2016-07-19,12.64924061870575
643,2016-07-22,14.966667175292969,14.592000007629395,14.799332618713379,14.817999839782715,38695500.0,14.817999839782715,2016-07-22,13.94819995880127
644,2016-07-25,15.425999641418457,14.758000373840332,14.817999839782715,15.333999633789062,67360500.0,15.333999633789062,2016-07-25,14.3724085744222
649,2016-08-01,15.775333404541016,15.291999816894531,15.699999809265137,15.333999633789062,60244500.0,15.333999633789062,2016-08-01,14.3724085744222
651,2016-08-03,15.313332557678223,14.947333335876465,15.157999992370605,15.052666664123535,58317000.0,15.052666664123535,2016-08-03,15.327095781962077
653,2016-08-05,15.466667175292969,15.15999984741211,15.333333015441895,15.335332870483398,48078000.0,15.335332870483398,2016-08-05,14.370535233815511
657,2016-08-11,15.171333312988281,14.894000053405762,15.07800006866455,14.994000434875488,28213500.0,14.994000434875488,2016-08-11,13.242334737300874
658,2016-08-12,15.109999656677246,14.935999870300293,15.02733325958252,15.040666580200195,27202500.0,15.040666580200195,2016-08-12,18.981742242177326
660,2016-08-16,15.145999908447266,14.894000053405762,15.03266716003418,14.907333374023438,34006500.0,14.907333374023438,2016-08-16,15.13875420252482
665,2016-08-23,15.232666969299316,14.853333473205566,14.954667091369629,14.989333152770996,71766000.0,14.989333152770996,2016-08-23,13.10339774608612
666,2016-08-24,15.143333435058594,14.814666748046875,15.136667251586914,14.841333389282227,38560500.0,14.841333389282227,2016-08-24,13.617221902211508
672,2016-09-01,14.073332786560059,13.366666793823242,13.934000015258789,13.38466739654541,119146500.0,13.38466739654541,2016-09-01,16.433366998036703
674,2016-09-06,13.550000190734863,13.266667366027832,13.267999649047852,13.522000312805176,65859000.0,13.522000312805176,2016-09-06,16.019446204503378
684,2016-09-20,13.850000381469727,13.593999862670898,13.789999961853027,13.642666816711426,36157500.0,13.642666816711426,2016-09-20,15.587209097544353
688,2016-09-26,14.066666603088379,13.766667366027832,13.766667366027832,13.932666778564453,35916000.0,13.932666778564453,2016-09-26,15.03610857963562
691,2016-09-29,13.821999549865723,13.371999740600586,13.706666946411133,13.380000114440918,40905000.0,13.380000114440918,2016-09-29,16.303753706614177
694,2016-10-04,14.221332550048828,13.921333312988281,14.206666946411133,14.093999862670898,53122500.0,14.093999862670898,2016-10-04,19.754662097295125
698,2016-10-10,13.609333038330078,13.310667037963867,13.423333168029785,13.396666526794434,49744500.0,13.396666526794434,2016-10-10,14.780853131612142
700,2016-10-12,13.592000007629395,13.361332893371582,13.396666526794434,13.434000015258789,29560500.0,13.434000015258789,2016-10-12,14.096188850402832
701,2016-10-13,13.393333435058594,13.136667251586914,13.366666793823242,13.349332809448242,37419000.0,13.349332809448242,2016-10-13,15.919954722192555
702,2016-10-14,13.428667068481445,13.08666706085205,13.37733268737793,13.100666999816895,64048500.0,13.100666999816895,2016-10-14,13.694224459330242
705,2016-10-19,13.77733325958252,13.204000473022461,13.315999984741211,13.570667266845703,104868000.0,13.570667266845703,2016-10-19,14.800686248143514
707,2016-10-21,13.437999725341797,13.160667419433594,13.239999771118164,13.339332580566406,44151000.0,13.339332580566406,2016-10-21,15.903864618255982
716,2016-11-03,12.764666557312012,12.469332695007324,12.600000381469727,12.494667053222656,39795000.0,12.494667053222656,2016-11-03,16.702500648498535
718,2016-11-07,12.952667236328125,12.670000076293945,12.906000137329102,12.880666732788086,58051500.0,12.880666732788086,2016-11-07,15.524539788564047
728,2016-11-21,12.592666625976562,12.293999671936035,12.336000442504883,12.3013334274292,65415000.0,12.3013334274292,2016-11-21,17.120291188557943
729,2016-11-22,12.764666557312012,12.247332572937012,12.38933277130127,12.744667053222656,84051000.0,12.744667053222656,2016-11-22,17.025931453704835
731,2016-11-25,13.149333000183105,12.909333229064941,12.909333229064941,13.109999656677246,35491500.0,13.109999656677246,2016-11-25,13.536164038976034
734,2016-11-30,12.792667388916016,12.5,12.733332633972168,12.626667022705078,53206500.0,12.626667022705078,2016-11-30,16.43392194112142
737,2016-12-05,12.592666625976562,12.167332649230957,12.167332649230957,12.453332901000977,61083000.0,12.453332901000977,2016-12-05,15.607922741572063
738,2016-12-06,12.438667297363281,12.178667068481445,12.368000030517578,12.390000343322754,50874000.0,12.390000343322754,2016-12-06,15.91518479347229
740,2016-12-08,12.833333015441895,12.63599967956543,12.803333282470703,12.81933307647705,47911500.0,12.81933307647705,2016-12-08,16.052445205052695
744,2016-12-14,13.533332824707031,13.11733341217041,13.249333381652832,13.246000289916992,62263500.0,13.246000289916992,2016-12-14,15.968910668690999
747,2016-12-19,13.630000114440918,13.322667121887207,13.499333381652832,13.51533317565918,52321500.0,13.51533317565918,2016-12-19,15.89061484972636
750,2016-12-22,13.999333381652832,13.766667366027832,13.881333351135254,13.896666526794434,46666500.0,13.896666526794434,2016-12-22,16.221129503250122
751,2016-12-23,14.229999542236328,13.847332954406738,13.866666793823242,14.22266674041748,70057500.0,14.22266674041748,2016-12-23,16.862671932379406
754,2016-12-29,14.613332748413086,14.274666786193848,14.570667266845703,14.312000274658203,60675000.0,14.312000274658203,2016-12-29,14.734202591578166
757,2017-01-04,15.199999809265137,14.287332534790039,14.316666603088379,15.13266658782959,168202500.0,15.13266658782959,2017-01-04,14.399609766914736
758,2017-01-05,15.165332794189453,14.796667098999023,15.094667434692383,15.116666793823242,88675500.0,15.116666793823242,2017-01-05,14.792727943420408
762,2017-01-11,15.331999778747559,15.112000465393066,15.271332740783691,15.315333366394043,54762000.0,15.315333366394043,2017-01-11,14.649745811689469
763,2017-01-12,15.380000114440918,15.038666725158691,15.27066707611084,15.305999755859375,56853000.0,15.305999755859375,2017-01-12,20.164693603515627
779,2017-02-06,17.187999725341797,16.708667755126953,16.733333587646484,17.184667587280273,53437500.0,17.184667587280273,2017-02-06,24.02360053062439
788,2017-02-17,18.19266700744629,17.610000610351562,17.719999313354492,18.148666381835938,93856500.0,18.148666381835938,2017-02-17,17.821775455474853
789,2017-02-21,18.760000228881836,18.267332077026367,18.363332748413086,18.492666244506836,85150500.0,18.492666244506836,2017-02-21,19.254949220021565
795,2017-03-01,16.989999771118164,16.607332229614258,16.94533348083496,16.667999267578125,72142500.0,16.667999267578125,2017-03-01,15.012888762156168
797,2017-03-03,16.793333053588867,16.600000381469727,16.715999603271484,16.771333694458008,43791000.0,16.771333694458008,2017-03-03,19.064166294733685
800,2017-03-08,16.67133331298828,16.35466766357422,16.46666717529297,16.45800018310547,55878000.0,16.45800018310547,2017-03-08,14.414809036254884
802,2017-03-10,16.433332443237305,16.200000762939453,16.413999557495117,16.246000289916992,45994500.0,16.246000289916992,2017-03-10,20.30003032298315
810,2017-03-22,17.004667282104492,16.700666427612305,16.770666122436523,17.000667572021484,60889500.0,17.000667572021484,2017-03-22,14.991524384816488
817,2017-03-31,18.64533233642578,18.42133331298828,18.582000732421875,18.553333282470703,49419000.0,18.553333282470703,2017-03-31,17.6959733804067
820,2017-04-05,20.325332641601562,19.613332748413086,20.13599967956543,19.666667938232422,118213500.0,19.666667938232422,2017-04-05,23.929862422943117
824,2017-04-11,20.898000717163086,20.366666793823242,20.892000198364258,20.58066749572754,85869000.0,20.58066749572754,2017-04-11,20.370176141042553
828,2017-04-18,20.055999755859375,19.860000610351562,19.979999542236328,20.016666412353516,45535500.0,20.016666412353516,2017-04-18,21.377490736643473
829,2017-04-19,20.441333770751953,20.140666961669922,20.163999557495117,20.368000030517578,58470000.0,20.368000030517578,2017-04-19,20.35292490005493
832,2017-04-24,20.703332901000977,20.40133285522461,20.614667892456055,20.53533363342285,76252500.0,20.53533363342285,2017-04-24,16.690480285220673
833,2017-04-25,20.93199920654297,20.390666961669922,20.53333282470703,20.91933250427246,101065500.0,20.91933250427246,2017-04-25,19.594179598490395
835,2017-04-27,20.87266731262207,20.5,20.779333114624023,20.575332641601562,52029000.0,20.575332641601562,2017-04-27,20.36106066761319
840,2017-05-04,20.51799964904785,19.384000778198242,20.496000289916992,19.69733238220215,212280000.0,19.69733238220215,2017-05-04,19.94271474202474
841,2017-05-05,20.56999969482422,19.786666870117188,19.866666793823242,20.55666732788086,122659500.0,20.55666732788086,2017-05-05,20.68160094663832
845,2017-05-11,21.733333587646484,21.30666732788086,21.559999465942383,21.540000915527344,71307000.0,21.540000915527344,2017-05-11,22.924294700622557
848,2017-05-16,21.33733367919922,21.00933265686035,21.172666549682617,21.134000778198242,62287500.0,21.134000778198242,2017-05-16,26.45775233118875
855,2017-05-25,21.131332397460938,20.520666122436523,20.73466682434082,21.121999740600586,75210000.0,21.121999740600586,2017-05-25,22.953322865168253
857,2017-05-30,22.41866683959961,21.71733283996582,21.733333587646484,22.34000015258789,116743500.0,22.34000015258789,2017-05-30,21.621661898295084
861,2017-06-05,23.229333877563477,22.28066635131836,22.566667556762695,23.154666900634766,101766000.0,23.154666900634766,2017-06-05,18.553331317901613
862,2017-06-06,23.965999603271484,22.6646671295166,22.979999542236328,23.523332595825195,166302000.0,23.523332595825195,2017-06-06,20.929970417022705
863,2017-06-07,24.03333282470703,23.676000595092773,23.756000518798828,23.976667404174805,140970000.0,23.976667404174805,2017-06-07,21.606556288401286
876,2017-06-26,25.796667098999023,24.873332977294922,25.779333114624023,25.166000366210938,99061500.0,25.166000366210938,2017-06-26,22.75537815093994
882,2017-07-05,23.14933204650879,21.755332946777344,23.14666748046875,21.805999755859375,255700500.0,21.805999755859375,2017-07-05,21.876271197001138
892,2017-07-19,22.110000610351562,21.54800033569336,21.881999969482422,21.68400001525879,95355000.0,21.68400001525879,2017-07-19,23.445442473093667
895,2017-07-24,22.893333435058594,22.000667572021484,22.016000747680664,22.834667205810547,129556500.0,22.834667205810547,2017-07-24,19.101157442728677
898,2017-07-27,23.166667938232422,21.752666473388672,23.066667556762695,22.297332763671875,124536000.0,22.297332763671875,2017-07-27,19.361048571268718
899,2017-07-28,22.639999389648438,22.167333602905273,22.459333419799805,22.33799934387207,73206000.0,22.33799934387207,2017-07-28,21.626524124145508
903,2017-08-03,23.333332061767578,22.876667022705078,23.02199935913086,23.139333724975586,203025000.0,23.139333724975586,2017-08-03,19.448086694081624
905,2017-08-07,23.965333938598633,23.516666412353516,23.823333740234375,23.67799949645996,94867500.0,23.67799949645996,2017-08-07,21.752294733622715
915,2017-08-21,23.05466651916504,22.123332977294922,23.05466651916504,22.52400016784668,97431000.0,22.52400016784668,2017-08-21,21.47132666905721
925,2017-09-05,23.69933319091797,23.05933380126953,23.586666107177734,23.305999755859375,57526500.0,23.305999755859375,2017-09-05,21.809684215651618
930,2017-09-12,24.583999633789062,24.02666664123535,24.299333572387695,24.183332443237305,89593500.0,24.183332443237305,2017-09-12,20.16736661911011
933,2017-09-15,25.333332061767578,24.84666633605957,24.96733283996582,25.320667266845703,81307500.0,25.320667266845703,2017-09-15,24.901342760721842
946,2017-10-04,23.908000946044922,23.30666732788086,23.416667938232422,23.667333602905273,122452500.0,23.667333602905273,2017-10-04,46.55256355285645
951,2017-10-11,23.84000015258789,23.40999984741211,23.592666625976562,23.639999389648438,67512000.0,23.639999389648438,2017-10-11,46.37736231062148
956,2017-10-18,24.200000762939453,23.608667373657227,23.731332778930664,23.976667404174805,74086500.0,23.976667404174805,2017-10-18,21.606556288401286
970,2017-11-07,20.433332443237305,20.00200080871582,20.06800079345703,20.40333366394043,79414500.0,20.40333366394043,2017-11-07,22.807179622650146
971,2017-11-08,20.459333419799805,20.086666107177734,20.366666793823242,20.292667388916016,70879500.0,20.292667388916016,2017-11-08,23.53360038439433
972,2017-11-09,20.297332763671875,19.753332138061523,20.166667938232422,20.19933319091797,81706500.0,20.19933319091797,2017-11-09,21.574244645436604
973,2017-11-10,20.55733299255371,20.123332977294922,20.166667938232422,20.19933319091797,69381000.0,20.19933319091797,2017-11-10,21.574244645436604
975,2017-11-14,21.09000015258789,20.459999084472656,21.0,20.579999923706055,85141500.0,20.579999923706055,2017-11-14,20.370176141042553
977,2017-11-16,21.209333419799805,20.753332138061523,20.932666778564453,20.833332061767578,87331500.0,20.833332061767578,2017-11-16,21.131964101791382
978,2017-11-17,21.777999877929688,20.876667022705078,21.711332321166992,21.003332138061523,206026500.0,21.003332138061523,2017-11-17,33.129289900461835
997,2017-12-15,22.926666259765625,22.384000778198242,22.80266761779785,22.89666748046875,103998000.0,22.89666748046875,2017-12-15,20.542804304758707
1002,2017-12-22,22.06133270263672,21.654666900634766,21.96733283996582,21.68000030517578,63237000.0,21.68000030517578,2017-12-22,23.563202482859293
1005,2017-12-28,21.05466651916504,20.63599967956543,20.78333282470703,21.02400016784668,64744500.0,21.02400016784668,2017-12-28,19.271017951965334
1008,2018-01-03,21.683332443237305,21.036666870117188,21.399999618530273,21.149999618530273,67822500.0,21.149999618530273,2018-01-03,33.738970477724834
1010,2018-01-05,21.14933204650879,20.799999237060547,21.107999801635742,21.10533332824707,68868000.0,21.10533332824707,2018-01-05,23.042820014953612
1011,2018-01-08,22.468000411987305,21.03333282470703,21.066667556762695,22.42733383178711,147891000.0,22.42733383178711,2018-01-08,46.01171009063721
1015,2018-01-12,22.694000244140625,22.244667053222656,22.575332641601562,22.4146671295166,72376500.0,22.4146671295166,2018-01-12,47.956134465535484
1016,2018-01-16,23.0,22.31999969482422,22.502666473388672,22.67066764831543,97114500.0,22.67066764831543,2018-01-16,23.625455007023273
1020,2018-01-22,23.85533332824707,23.280000686645508,23.293333053588867,23.437332153320312,93156000.0,23.437332153320312,2018-01-22,22.409581610361734
1027,2018-01-31,23.746000289916992,23.012666702270508,23.167333602905273,23.62066650390625,93211500.0,23.62066650390625,2018-01-31,30.398171134524873
1037,2018-02-14,21.744667053222656,21.23466682434082,21.389333724975586,21.487333297729492,59260500.0,21.487333297729492,2018-02-14,19.611604869206747
1038,2018-02-15,22.274667739868164,21.49333381652832,21.633333206176758,22.271333694458008,88693500.0,22.271333694458008,2018-02-15,18.93894636154175
1041,2018-02-21,22.645999908447266,22.211332321166992,22.402000427246094,22.219999313354492,48294000.0,22.219999313354492,2018-02-21,24.525926837921144
1042,2018-02-22,23.16266632080078,22.316667556762695,22.368667602539062,23.077999114990234,104547000.0,23.077999114990234,2018-02-22,39.7152454884847
1044,2018-02-26,23.933332443237305,23.49066734313965,23.566667556762695,23.827999114990234,65100000.0,23.827999114990234,2018-02-26,22.261944281260174
1046,2018-02-28,23.682666778564453,22.814666748046875,23.504667282104492,22.87066650390625,91045500.0,22.87066650390625,2018-02-28,20.16953326543172
1047,2018-03-01,23.244667053222656,22.004667282104492,23.000667572021484,22.062000274658203,103284000.0,22.062000274658203,2018-03-01,21.77607599258423
1048,2018-03-02,22.347999572753906,21.531333923339844,21.798667907714844,22.341333389282227,76392000.0,22.341333389282227,2018-03-02,20.694173011779785
1050,2018-03-06,22.424667358398438,21.802000045776367,22.25,21.8799991607666,64285500.0,21.8799991607666,2018-03-06,26.35764861424764
1051,2018-03-07,22.166667938232422,21.44933319091797,21.695999145507812,22.15333366394043,75109500.0,22.15333366394043,2018-03-07,20.210313364664714
1062,2018-03-22,21.254667282104492,20.545333862304688,20.926000595092773,20.606666564941406,74097000.0,20.606666564941406,2018-03-22,19.071044074164497
1070,2018-04-04,19.224666595458984,16.799999237060547,16.851999282836914,19.12933349609375,298450500.0,19.12933349609375,2018-04-04,21.98998645464579
1074,2018-04-10,20.47333335876465,19.57866668701172,19.931333541870117,20.31333351135254,164847000.0,20.31333351135254,2018-04-10,22.785638001759846
1078,2018-04-16,19.977333068847656,19.267332077026367,19.933332443237305,19.413999557495117,95077500.0,19.413999557495117,2018-04-16,15.607331558863322
1082,2018-04-20,19.998666763305664,19.316667556762695,19.67799949645996,19.349332809448242,84418500.0,19.349332809448242,2018-04-20,22.723789812723794
1083,2018-04-23,19.441333770751953,18.82200050354004,19.41933250427246,18.891332626342773,73401000.0,18.891332626342773,2018-04-23,16.47492879231771
1089,2018-05-01,20.05466651916504,19.54800033569336,19.567333221435547,19.994667053222656,69384000.0,19.994667053222656,2018-05-01,24.580933011372885
1094,2018-05-08,20.516666412353516,19.933332443237305,20.053333282470703,20.131332397460938,88950000.0,20.131332397460938,2018-05-08,19.965722592671714
1113,2018-06-05,19.85333251953125,19.115999221801758,19.84666633605957,19.408666610717773,89928000.0,19.408666610717773,2018-06-05,15.849038311640422
1114,2018-06-06,21.47800064086914,19.832000732421875,20.03333282470703,21.299999237060547,281509500.0,21.299999237060547,2018-06-06,22.329088644451563
1116,2018-06-08,21.631999969482422,21.143333435058594,21.266666412353516,21.17733383178711,123078000.0,21.17733383178711,2018-06-08,24.59257913960351
1117,2018-06-11,22.310667037963867,21.5,21.500667572021484,22.139999389648438,197752500.0,22.139999389648438,2018-06-11,22.01104398727417
1120,2018-06-14,23.916667938232422,23.106666564941406,23.17533302307129,23.847999572753906,164715000.0,23.847999572753906,2018-06-14,20.073373171488445
1122,2018-06-18,24.915332794189453,23.633333206176758,23.69333267211914,24.722000122070312,181098000.0,24.722000122070312,2018-06-18,23.655817572275797
1125,2018-06-21,24.413999557495117,23.084667205810547,24.133333206176758,23.167333602905273,119506500.0,23.167333602905273,2018-06-21,21.407588895161947
1126,2018-06-22,23.483333587646484,22.133333206176758,23.43600082397461,22.242000579833984,153991500.0,22.242000579833984,2018-06-22,20.10466859817505
1127,2018-06-25,22.564666748046875,21.833332061767578,22.007999420166016,22.200666427612305,103969500.0,22.200666427612305,2018-06-25,47.61545863469442
1132,2018-07-02,24.318666458129883,21.989999771118164,24.004667282104492,22.33799934387207,281397000.0,22.33799934387207,2018-07-02,21.626524124145508
1149,2018-07-26,20.713333129882812,20.242666244506836,20.323333740234375,20.44333267211914,69457500.0,20.44333267211914,2018-07-26,22.472442156473797
1151,2018-07-30,19.739999771118164,19.075332641601562,19.726667404174805,19.344667434692383,102211500.0,19.344667434692383,2018-07-30,22.716816482543944
1152,2018-07-31,19.88800048828125,19.271333694458008,19.483333587646484,19.875999450683594,76153500.0,19.875999450683594,2018-07-31,23.840748233795168
1158,2018-08-08,25.50933265686035,24.474666595458984,24.606000900268555,24.689332962036133,368568000.0,24.689332962036133,2018-08-08,23.86129497528076
1164,2018-08-16,22.818666458129883,22.254667282104492,22.660667419433594,22.363332748413086,90960000.0,22.363332748413086,2018-08-16,26.09291322072347
1165,2018-08-17,21.784666061401367,20.235332489013672,21.566667556762695,20.366666793823242,284379000.0,20.366666793823242,2018-08-17,20.48990711847941
1170,2018-08-24,21.59000015258789,21.293333053588867,21.3799991607666,21.521333694458008,54039000.0,21.521333694458008,2018-08-24,21.503354930877684
1171,2018-08-27,21.496000289916992,20.58733367919922,21.200000762939453,21.284666061401367,196189500.0,21.284666061401367,2018-08-27,22.380053165223863
1173,2018-08-29,20.790000915527344,20.246000289916992,20.684667587280273,20.333999633789062,111711000.0,20.333999633789062,2018-08-29,22.293233553568523
1177,2018-09-05,19.118667602539062,18.478666305541992,19.003332138061523,18.715999603271484,115812000.0,18.715999603271484,2018-09-05,21.235801804860433
1186,2018-09-18,20.176000595092773,18.366666793823242,19.779333114624023,18.997333526611328,248212500.0,18.997333526611328,2018-09-18,19.71143808364868
1188,2018-09-20,20.398666381835938,19.55533218383789,20.237333297729492,19.8886661529541,110241000.0,19.8886661529541,2018-09-20,24.200919272104898
1190,2018-09-24,20.200000762939453,19.57200050354004,19.898666381835938,19.978666305541992,72645000.0,19.978666305541992,2018-09-24,32.428203353881834
1196,2018-10-02,21.12266731262207,19.94333267211914,20.93000030517578,20.06800079345703,176152500.0,20.06800079345703,2018-10-02,21.974693291982014
1200,2018-10-08,17.85066795349121,16.600000381469727,17.634666442871094,16.70400047302246,202090500.0,16.70400047302246,2018-10-08,16.560457588831582
1201,2018-10-09,17.784666061401367,16.886667251586914,17.016666412353516,17.520000457763672,180909000.0,17.520000457763672,2018-10-09,17.02363162358602
1206,2018-10-16,18.492000579833984,17.482667922973633,17.713333129882812,18.439332962036133,142896000.0,18.439332962036133,2018-10-16,19.82617105484009
1209,2018-10-19,17.977333068847656,16.899999618530273,17.826000213623047,17.333332061767578,140632500.0,17.333332061767578,2018-10-19,14.816555080413819
1210,2018-10-22,17.457332611083984,16.839332580566406,17.3786678314209,17.39666748046875,84004500.0,17.39666748046875,2018-10-22,15.445423753738401
1221,2018-11-06,23.253332138061523,22.4060001373291,22.60466766357422,22.737333297729492,101443500.0,22.737333297729492,2018-11-06,22.574093494415283
1223,2018-11-08,23.838666915893555,23.229333877563477,23.233333587646484,23.426666259765625,106360500.0,23.426666259765625,2018-11-08,21.64469570795695
1228,2018-11-15,23.238666534423828,22.6026668548584,22.82200050354004,23.229333877563477,69385500.0,23.229333877563477,2018-11-15,19.779690996805826
1229,2018-11-16,23.713333129882812,23.007999420166016,23.012666702270508,23.62066650390625,108093000.0,23.62066650390625,2018-11-16,30.398171134524873
1231,2018-11-20,23.31999969482422,22.23666763305664,22.78333282470703,23.166000366210938,120070500.0,23.166000366210938,2018-11-20,21.051988919576008
1232,2018-11-21,23.540000915527344,22.49333381652832,23.46666717529297,22.54599952697754,70302000.0,22.54599952697754,2018-11-21,20.91878671646118
1233,2018-11-23,22.5,21.703332901000977,22.290000915527344,21.722000122070312,63039000.0,21.722000122070312,2018-11-23,22.807430871327718
1238,2018-11-30,23.440000534057617,22.55066680908203,22.788667678833008,23.365333557128906,84436500.0,23.365333557128906,2018-11-30,21.25691609700521
1244,2018-12-11,24.81133270263672,24.01533317565918,24.660667419433594,24.450666427612305,94632000.0,24.450666427612305,2018-12-11,20.222613684336345
1246,2018-12-13,25.16266632080078,24.450000762939453,24.676666259765625,25.119333267211914,110488500.0,25.119333267211914,2018-12-13,24.44048277537028
1256,2018-12-28,22.416000366210938,21.227333068847656,21.540000915527344,22.257999420166016,149085000.0,22.257999420166016,2018-12-28,19.5362664159139
1260,2019-01-04,21.200000762939453,20.18199920654297,20.399999618530273,21.179332733154297,110911500.0,21.179332733154297,2019-01-04,23.943279861344234
1263,2019-01-09,22.899999618530273,22.097999572753906,22.366666793823242,22.568666458129883,81493500.0,22.568666458129883,2019-01-09,22.444766101837157
1268,2019-01-16,23.46666717529297,22.899999618530273,22.985332489013672,23.06999969482422,70375500.0,23.06999969482422,2019-01-16,27.454661343892415
1271,2019-01-22,20.53333282470703,19.700000762939453,20.321332931518555,19.92799949645996,181000500.0,19.92799949645996,2019-01-22,23.840339851379394
1275,2019-01-28,19.83066749572754,19.183332443237305,19.527332305908203,19.7586669921875,96349500.0,19.7586669921875,2019-01-28,20.38154645284017
1276,2019-01-29,19.90399932861328,19.453332901000977,19.684667587280273,19.83066749572754,69325500.0,19.83066749572754,2019-01-29,18.11736514409383
1277,2019-01-30,20.600000381469727,19.89933204650879,20.030000686645508,20.584667205810547,168754500.0,20.584667205810547,2019-01-30,20.370176141042553
1278,2019-01-31,20.770666122436523,19.600000381469727,20.066667556762695,20.468000411987305,188538000.0,20.468000411987305,2019-01-31,22.60315045674642
1288,2019-02-14,20.451332092285156,20.066667556762695,20.225332260131836,20.251333236694336,78012000.0,20.251333236694336,2019-02-14,23.094364076932273
1293,2019-02-22,19.766666412353516,19.47333335876465,19.632667541503906,19.6473331451416,86109000.0,19.6473331451416,2019-02-22,22.870324408213296
1294,2019-02-25,20.19333267211914,19.799999237060547,19.860666275024414,19.917999267578125,99397500.0,19.917999267578125,2019-02-25,23.840501607259114
1295,2019-02-26,20.134000778198242,19.251333236694336,19.481332778930664,19.857332229614258,128737500.0,19.857332229614258,2019-02-26,19.52308044433594
1297,2019-02-28,21.333332061767578,20.720666885375977,21.261333465576172,21.325332641601562,157810500.0,21.325332641601562,2019-02-28,19.91401122940911
1298,2019-03-01,20.475332260131836,19.459999084472656,20.46266746520996,19.652666091918945,343671000.0,19.652666091918945,2019-03-01,22.77931104660034
1301,2019-03-06,18.767332077026367,18.292667388916016,18.43199920654297,18.416000366210938,155032500.0,18.416000366210938,2019-03-06,15.420977824529013
1302,2019-03-07,18.979999542236328,18.28333282470703,18.589332580566406,18.439332962036133,141637500.0,18.439332962036133,2019-03-07,19.82617105484009
1304,2019-03-11,19.41866683959961,18.700000762939453,18.90133285522461,19.39466667175293,110884500.0,19.39466667175293,2019-03-11,16.758918523788452
1307,2019-03-14,19.69266700744629,19.21933364868164,19.496667861938477,19.33066749572754,106551000.0,19.33066749572754,2019-03-14,21.51251821835836
1309,2019-03-18,18.536666870117188,17.81999969482422,18.399999618530273,17.965999603271484,154215000.0,17.965999603271484,2019-03-18,18.173793411254884
1315,2019-03-26,18.017332077026367,17.6286678314209,17.62933349609375,17.851333618164062,110263500.0,17.851333618164062,2019-03-26,15.419357856114706
1316,2019-03-27,18.357999801635742,17.8786678314209,17.916667938232422,18.32200050354004,131688000.0,18.32200050354004,2019-03-27,15.503748938242595
1319,2019-04-01,19.280000686645508,18.75200080871582,18.841333389282227,19.278667449951172,121656000.0,19.278667449951172,2019-04-01,17.339148909250895
1324,2019-04-08,18.743999481201172,18.029333114624023,18.512666702270508,18.213333129882812,156156000.0,18.213333129882812,2019-04-08,17.027706260681153
1331,2019-04-17,18.319332122802734,17.902666091918945,18.316667556762695,18.082000732421875,76897500.0,18.082000732421875,2019-04-17,22.583890806833903
1340,2019-05-01,16.0,15.433333396911621,15.923333168029785,15.600666999816895,160566000.0,15.600666999816895,2019-05-01,15.546940189997356
1342,2019-05-03,17.107332229614258,16.232667922973633,16.257333755493164,17.00200080871582,355602000.0,17.00200080871582,2019-05-03,15.002182165781656
1346,2019-05-09,16.245332717895508,15.795999526977539,16.133333206176758,16.131999969482422,100671000.0,16.131999969482422,2019-05-09,15.994310165829129
1347,2019-05-10,16.132667541503906,15.73466682434082,15.983332633972168,15.968000411987305,105124500.0,15.968000411987305,2019-05-10,16.23891766866048
1352,2019-05-17,14.815999984741211,13.928000450134277,14.797332763671875,14.0686674118042,266800500.0,14.0686674118042,2019-05-17,16.27049180030823
1355,2019-05-22,13.595999717712402,12.785332679748535,13.273332595825195,12.84866714477539,280278000.0,12.84866714477539,2019-05-22,14.975085611025492
1360,2019-05-30,12.817333221435547,12.468000411987305,12.583333015441895,12.54800033569336,118897500.0,12.54800033569336,2019-05-30,17.01262538274129
1361,2019-05-31,12.661333084106445,12.273332595825195,12.34000015258789,12.343999862670898,156100500.0,12.343999862670898,2019-05-31,17.761744826634725
1363,2019-06-04,12.932000160217285,11.973999977111816,12.073332786560059,12.90666675567627,207112500.0,12.90666675567627,2019-06-04,15.313185176849366
1374,2019-06-19,15.184666633605957,14.737333297729492,15.007332801818848,15.095333099365234,98626500.0,15.095333099365234,2019-06-19,14.258762302398681
1375,2019-06-20,15.126667022705078,14.423333168029785,14.866666793823242,14.641332626342773,177952500.0,14.641332626342773,2019-06-20,19.33574160724216
1376,2019-06-21,14.812000274658203,14.366666793823242,14.414667129516602,14.790666580200195,123031500.0,14.790666580200195,2019-06-21,12.926109056472779
1380,2019-06-27,14.859999656677246,14.489999771118164,14.630000114440918,14.855999946594238,95095500.0,14.855999946594238,2019-06-27,13.494684333801269
1381,2019-06-28,15.011333465576172,14.720000267028809,14.732666969299316,14.897333145141602,102771000.0,14.897333145141602,2019-06-28,15.101217482884724
1382,2019-07-01,15.539999961853027,15.085332870483398,15.347332954406738,15.14466667175293,123201000.0,15.14466667175293,2019-07-01,13.680719836825416
1390,2019-07-12,16.358667373657227,15.980667114257812,15.983332633972168,16.338666915893555,138007500.0,16.338666915893555,2019-07-12,21.954594860076906
1403,2019-07-31,16.44533348083496,15.776666641235352,16.200000762939453,16.107332229614258,137673000.0,16.107332229614258,2019-07-31,14.958974783526529
1408,2019-08-07,15.571332931518555,15.053333282470703,15.100000381469727,15.561332702636719,71647500.0,15.561332702636719,2019-08-07,15.640497620900472
1413,2019-08-14,15.433333396911621,14.446000099182129,15.413999557495117,14.641332626342773,143439000.0,14.641332626342773,2019-08-14,19.33574160724216
1414,2019-08-15,14.77066707611084,14.103333473205566,14.723999977111816,14.37600040435791,122394000.0,14.37600040435791,2019-08-15,20.56178605079651
1417,2019-08-20,15.272666931152344,14.969332695007324,15.174667358398438,15.057332992553711,61878000.0,15.057332992553711,2019-08-20,17.093844420115154
1421,2019-08-26,14.334667205810547,14.102666854858398,14.239999771118164,14.333333015441895,75778500.0,14.333333015441895,2019-08-26,13.979893468221029
1422,2019-08-27,14.58666706085205,14.135333061218262,14.38266658782959,14.272000312805176,81243000.0,14.272000312805176,2019-08-27,11.785602830251058
1425,2019-08-30,15.496000289916992,14.947333335876465,15.276666641235352,15.040666580200195,139809000.0,15.040666580200195,2019-08-30,18.981742242177326
1427,2019-09-04,15.230667114257812,14.61400032043457,15.12600040435791,14.711999893188477,86415000.0,14.711999893188477,2019-09-04,19.65599142710368
1429,2019-09-06,15.309332847595215,15.011333465576172,15.146666526794434,15.16333293914795,62841000.0,15.16333293914795,2019-09-06,13.756459032694499
1438,2019-09-19,16.529333114624023,16.32266616821289,16.399999618530273,16.440000534057617,71937000.0,16.440000534057617,2019-09-19,14.500215918223063
1438,2019-09-19,16.529333114624023,16.32266616821289,16.399999618530273,16.440000534057617,71937000.0,16.440000534057617,2019-09-19,14.500215918223063
1441,2019-09-24,16.132667541503906,14.840666770935059,16.101333618164062,14.880666732788086,193372500.0,14.880666732788086,2019-09-24,13.730435517628989
1443,2019-09-26,16.220666885375977,15.15999984741211,15.37733268737793,16.17066764831543,178267500.0,16.17066764831543,2019-09-26,13.99813544613217
1447,2019-10-02,16.309999465942383,15.961999893188477,16.21933364868164,16.208667755126953,84471000.0,16.208667755126953,2019-10-02,15.479844665527343
1448,2019-10-03,15.631999969482422,14.95199966430664,15.457332611083984,15.535332679748535,226267500.0,15.535332679748535,2019-10-03,16.17815124511719
1453,2019-10-10,16.618667602539062,16.10533332824707,16.351999282836914,16.31599998474121,94249500.0,16.31599998474121,2019-10-10,28.32685516357422
1458,2019-10-17,17.652000427246094,17.344667434692383,17.5,17.46466636657715,71539500.0,17.46466636657715,2019-10-17,19.69650033315023
1463,2019-10-24,20.32866668701172,19.280000686645508,19.891332626342773,19.978666305541992,445813500.0,19.978666305541992,2019-10-24,32.428203353881834
1478,2019-11-14,23.589332580566406,22.860666275024414,23.073999404907227,23.290000915527344,96973500.0,23.290000915527344,2019-11-14,20.438923946486582
1481,2019-11-19,23.999332427978516,23.18666648864746,23.450000762939453,23.968000411987305,115872000.0,23.968000411987305,2019-11-19,21.574951864878336
1485,2019-11-25,22.971332550048828,22.297332763671875,22.954666137695312,22.422666549682617,185092500.0,22.422666549682617,2019-11-25,46.00537230173747
1488,2019-11-29,22.083999633789062,21.833332061767578,22.073999404907227,21.996000289916992,36984000.0,21.996000289916992,2019-11-29,23.5690309715271
1495,2019-12-10,23.381999969482422,22.62066650390625,22.663999557495117,23.256000518798828,132424500.0,23.256000518798828,2019-12-10,19.63316375096639
1497,2019-12-12,24.182666778564453,23.548667907714844,23.661333084106445,23.978666305541992,116458500.0,23.978666305541992,2019-12-12,19.955036226908366
1504,2019-12-23,28.134000778198242,27.333332061767578,27.45199966430664,27.947999954223633,199794000.0,27.947999954223633,2019-12-23,35.34932122548421
1511,2020-01-03,30.266666412353516,29.128000259399414,29.366666793823242,29.534000396728516,266677500.0,29.534000396728516,2020-01-03,58.88523955027262
1513,2020-01-07,31.441999435424805,30.224000930786133,30.760000228881836,31.270666122436523,268231500.0,31.270666122436523,2020-01-07,68.3629966990153
1515,2020-01-09,33.253334045410156,31.524667739868164,33.13999938964844,32.089332580566406,426606000.0,32.089332580566406,2020-01-09,63.50373563130697
1516,2020-01-10,32.3293342590332,31.579999923706055,32.11933135986328,31.876667022705078,194392500.0,31.876667022705078,2020-01-10,66.64883448282878
1520,2020-01-16,34.297332763671875,32.81133270263672,32.91666793823242,34.232666015625,326050500.0,34.232666015625,2020-01-16,66.54779418945313
1523,2020-01-22,39.633331298828125,37.27333450317383,38.125999450683594,37.97066879272461,470535000.0,37.97066879272461,2020-01-22,50.09170134226481
1527,2020-01-28,38.45399856567383,37.2053337097168,37.89933395385742,37.793331146240234,176827500.0,37.793331146240234,2020-01-28,48.44828886667887
1528,2020-01-29,39.31999969482422,37.82866668701172,38.37933349609375,38.732666015625,267022500.0,38.732666015625,2020-01-29,49.983119112650556
1531,2020-02-03,52.409332275390625,44.90133285522461,44.91266632080078,52.0,705975000.0,52.0,2020-02-03,92.88850059509278
1533,2020-02-05,56.39866638183594,46.94066619873047,54.88399887084961,48.97999954223633,726357000.0,48.97999954223633,2020-02-05,87.99134648640951
1534,2020-02-06,53.05533218383789,45.79999923706055,46.66133117675781,49.930667877197266,598212000.0,49.930667877197266,2020-02-06,65.49474419911702
1539,2020-02-13,54.53333282470703,49.0,49.45600128173828,53.599998474121094,394339500.0,53.599998474121094,2020-02-13,102.24884668986003
1543,2020-02-20,60.79999923706055,57.3293342590332,60.79666519165039,59.96066665649414,264523500.0,59.96066665649414,2020-02-20,106.02719463348389
1547,2020-02-26,54.22066879272461,51.740665435791016,52.16666793823242,51.91999816894531,211282500.0,51.91999816894531,2020-02-26,92.88850059509278
1552,2020-03-04,51.10133361816406,48.31533432006836,50.930667877197266,49.96666717529297,225735000.0,49.96666717529297,2020-03-04,65.49474419911702
1554,2020-03-06,47.133331298828125,45.61800003051758,46.0,46.89866638183594,189943500.0,46.89866638183594,2020-03-06,102.01402234395346
1556,2020-03-10,44.53333282470703,40.53333282470703,43.96200180053711,43.02199935913086,233916000.0,43.02199935913086,2020-03-10,55.97275783538819
1559,2020-03-13,40.50466537475586,33.46666717529297,39.66666793823242,36.44133377075195,339604500.0,36.44133377075195,2020-03-13,57.65575879414876
1567,2020-03-25,37.133331298828125,34.07400131225586,36.349998474121094,35.95000076293945,318340500.0,35.95000076293945,2020-03-25,47.278851992289226
1576,2020-04-07,37.66666793823242,35.48933410644531,36.33333206176758,36.36333465576172,268797000.0,36.36333465576172,2020-04-07,57.86082547505696
1578,2020-04-09,38.345333099365234,37.14066696166992,37.4726676940918,38.20000076293945,204750000.0,38.20000076293945,2020-04-09,50.09170134226481
1581,2020-04-15,50.20866775512695,47.33333206176758,49.46666717529297,48.65533447265625,353655000.0,48.65533447265625,2020-04-15,95.1883401743571
1592,2020-04-30,57.987998962402344,50.900001525878906,57.01266860961914,52.12533187866211,427078500.0,52.12533187866211,2020-04-30,91.33362174987793
1593,2020-05-01,51.518001556396484,45.5359992980957,50.33333206176758,46.75466537475586,487977000.0,46.75466537475586,2020-05-01,101.33254683176676
1601,2020-05-13,55.06666564941406,50.88666534423828,54.72200012207031,52.73066711425781,285982500.0,52.73066711425781,2020-05-13,99.50742518107096
1609,2020-05-26,55.63999938964844,54.38066864013672,55.633331298828125,54.591331481933594,121345500.0,54.591331481933594,2020-05-26,109.64569737752278
1614,2020-06-02,60.57733154296875,58.06666564941406,59.64666748046875,58.770668029785156,203484000.0,58.770668029785156,2020-06-02,142.5909458287557
1625,2020-06-17,67.0,65.50466918945312,65.84733581542969,66.11933135986328,148362000.0,66.11933135986328,2020-06-17,130.84376324971518
1628,2020-06-22,67.2586669921875,66.00133514404297,66.663330078125,66.28800201416016,95436000.0,66.28800201416016,2020-06-22,130.48478574117024
1635,2020-07-01,75.68866729736328,72.03333282470703,72.19999694824219,74.64199829101562,199903500.0,74.64199829101562,2020-07-01,131.01303634643554
1636,2020-07-02,81.86666870117188,79.04000091552734,81.43199920654297,80.57733154296875,258751500.0,80.57733154296875,2020-07-02,134.76065862019857
1638,2020-07-07,95.30000305175781,89.11399841308594,93.6673355102539,92.65733337402344,322345500.0,92.65733337402344,2020-07-07,139.34423934936524
1642,2020-07-13,119.66600036621094,98.0739974975586,110.5999984741211,99.80400085449219,584781000.0,99.80400085449219,2020-07-13,142.78581899007162
1644,2020-07-15,103.33333587646484,97.13333129882812,102.86666870117188,103.06732940673828,245517000.0,103.06732940673828,2020-07-15,142.40138392130532
1649,2020-07-22,108.4280014038086,104.13333129882812,106.5999984741211,106.15533447265625,212416500.0,106.15533447265625,2020-07-22,150.52206349690755
1667,2020-08-17,123.05733489990234,111.52200317382812,111.80000305175781,122.3759994506836,303634500.0,122.3759994506836,2020-08-17,197.62644994099935
1668,2020-08-18,128.25999450683594,123.00733184814453,126.59933471679688,125.80599975585938,247117500.0,125.80599975585938,2020-08-18,163.72116129557293
1673,2020-08-25,135.19667053222656,131.1999969482422,131.65933227539062,134.8893280029297,159883500.0,134.8893280029297,2020-08-25,167.2031916809082
1676,2020-08-28,154.5659942626953,145.76800537109375,153.00799560546875,147.55999755859375,301218000.0,147.55999755859375,2020-08-28,236.12470270792645
1682,2020-09-08,122.913330078125,109.95999908447266,118.66666412353516,110.06999969482422,346397100.0,110.06999969482422,2020-09-08,142.97463150024413
1683,2020-09-09,123.0,113.836669921875,118.86666870117188,122.09333038330078,238397400.0,122.09333038330078,2020-09-09,197.62644994099935
1686,2020-09-14,140.0,124.43333435058594,126.98332977294922,139.8733367919922,249061800.0,139.8733367919922,2020-09-14,236.21222544352213
1687,2020-09-15,153.97999572753906,143.56666564941406,145.52000427246094,149.9199981689453,291894600.0,149.9199981689453,2020-09-15,207.76284225463868
1688,2020-09-16,152.59666442871094,145.10333251953125,146.6233367919922,147.25332641601562,216837900.0,147.25332641601562,2020-09-16,234.9707810974121
1691,2020-09-21,151.89332580566406,135.69000244140625,151.0433349609375,149.79666137695312,328430400.0,149.79666137695312,2020-09-21,207.90784225463867
1692,2020-09-22,145.9199981689453,139.1999969482422,143.1999969482422,141.41000366210938,238742400.0,141.41000366210938,2020-09-22,275.20250768025716
1696,2020-09-28,142.69332885742188,138.51666259765625,141.5399932861328,140.39999389648438,149158800.0,140.39999389648438,2020-09-28,281.80841603597
1703,2020-10-07,143.3000030517578,137.9499969482422,139.9566650390625,141.76666259765625,129383100.0,141.76666259765625,2020-10-07,250.88799341837566
1705,2020-10-09,144.8633270263672,142.15333557128906,143.3766632080078,144.6666717529297,86777100.0,144.6666717529297,2020-10-09,253.47396067301432
1706,2020-10-12,149.5800018310547,146.19332885742188,147.3333282470703,147.43333435058594,116373300.0,147.43333435058594,2020-10-12,234.9707810974121
1709,2020-10-15,152.19000244140625,147.5,150.10333251953125,149.6266632080078,107017200.0,149.6266632080078,2020-10-15,207.90784225463867
1710,2020-10-16,151.98333740234375,146.28334045410156,151.47999572753906,146.55667114257812,98327700.0,146.55667114257812,2020-10-16,266.9610455830892
1718,2020-10-28,139.53334045410156,135.3333282470703,138.82666015625,135.33999633789062,76354200.0,135.33999633789062,2020-10-28,202.20690892537434
1723,2020-11-04,145.13333129882812,139.03334045410156,143.5399932861328,140.32666015625,96429300.0,140.32666015625,2020-11-04,282.17250457763674
1732,2020-11-17,154.0,144.336669921875,153.38999938964844,147.20333862304688,183564900.0,147.20333862304688,2020-11-17,234.9707810974121
1738,2020-11-25,191.3333282470703,181.7899932861328,183.35333251953125,191.3333282470703,146790600.0,191.3333282470703,2020-11-25,236.53864781697592
1739,2020-11-27,199.5933380126953,192.81666564941406,193.72000122070312,195.25332641601562,112683300.0,195.25332641601562,2020-11-27,236.43058934529623
1742,2020-12-02,190.51333618164062,180.40333557128906,185.47999572753906,189.60667419433594,143327100.0,189.60667419433594,2020-12-02,228.5882712809245
1757,2020-12-23,217.1666717529297,207.52333068847656,210.73333740234375,215.32666015625,99519000.0,215.32666015625,2020-12-23,274.52034627278647
1758,2020-12-24,222.02999877929688,213.6666717529297,214.3300018310547,220.58999633789062,68596800.0,220.58999633789062,2020-12-24,227.2422132364909
1767,2021-01-08,294.8299865722656,279.46331787109375,285.3333435058594,293.3399963378906,225166500.0,293.3399963378906,2021-01-08,238.48791229248047
1775,2021-01-21,285.239990234375,280.47332763671875,285.0,281.663330078125,61563300.0,281.663330078125,2021-01-21,259.284373626709
1776,2021-01-22,282.6666564941406,276.2066650390625,278.10333251953125,282.21331787109375,60199500.0,282.21331787109375,2021-01-22,276.93771153767904
1778,2021-01-26,298.6333312988281,290.5333251953125,297.1266784667969,294.36334228515625,69394800.0,294.36334228515625,2021-01-26,250.87474197387695
1781,2021-01-29,280.8033447265625,260.0333251953125,276.6666564941406,264.510009765625,104972400.0,264.510009765625,2021-01-29,373.0718539937337
1782,2021-02-01,280.6666564941406,265.1866760253906,271.42999267578125,279.9366760253906,76174200.0,279.9366760253906,2021-02-01,318.13869277954103
1785,2021-02-04,285.5,277.8066711425781,285.0,283.3299865722656,47438100.0,283.3299865722656,2021-02-04,238.42902440388997
1787,2021-02-08,292.5899963378906,284.9166564941406,289.8900146484375,287.8066711425781,60485100.0,287.8066711425781,2021-02-08,252.07857676188152
1793,2021-02-17,266.61334228515625,254.00332641601562,259.6966552734375,266.04998779296875,77989500.0,266.04998779296875,2021-02-17,228.46631454467774
1794,2021-02-18,264.89666748046875,258.75665283203125,260.29998779296875,262.4599914550781,53871300.0,262.4599914550781,2021-02-18,328.461359354655
1795,2021-02-19,265.5966796875,259.1233215332031,265.0,260.4333190917969,56874900.0,260.4333190917969,2021-02-19,356.6813248697917
1802,2021-03-02,240.3699951171875,228.3333282470703,239.42666625976562,228.81333923339844,71196600.0,228.81333923339844,2021-03-02,316.7015907796224
1804,2021-03-04,222.81666564941406,200.0,218.60000610351562,207.14666748046875,197758500.0,207.14666748046875,2021-03-04,244.62326268513996
1805,2021-03-05,209.27999877929688,179.8300018310547,208.68666076660156,199.31666564941406,268189500.0,199.31666564941406,2021-03-05,233.85788131713866
1808,2021-03-10,239.28334045410156,218.35333251953125,233.43333435058594,222.68666076660156,181817100.0,222.68666076660156,2021-03-10,246.75022699991862
1809,2021-03-11,234.1666717529297,225.72666931152344,233.13333129882812,233.1999969482422,108761700.0,233.1999969482422,2021-03-11,339.4128733317057
1810,2021-03-12,231.6266632080078,222.04666137695312,223.3333282470703,231.2433319091797,100751400.0,231.2433319091797,2021-03-12,213.55829396565755
1813,2021-03-17,234.57666015625,217.00332641601562,218.9566650390625,233.93666076660156,121117500.0,233.93666076660156,2021-03-17,266.13701985677085
1814,2021-03-18,229.7433319091797,217.3333282470703,228.09666442871094,217.72000122070312,99674400.0,217.72000122070312,2021-03-18,228.69497568766275
1819,2021-03-25,215.1666717529297,203.1666717529297,204.3333282470703,213.4633331298828,117674700.0,213.4633331298828,2021-03-25,225.78778605143228
1823,2021-03-31,224.0,213.70333862304688,215.5399932861328,222.64332580566406,100011900.0,222.64332580566406,2021-03-31,247.4422260538737
1832,2021-04-14,260.2633361816406,242.67666625976562,256.8999938964844,244.07666015625,147052200.0,244.07666015625,2021-04-14,355.3948294576009
1837,2021-04-21,248.27999877929688,232.6666717529297,234.92333984375,248.0399932861328,93646500.0,248.0399932861328,2021-04-21,300.1077715555827
1838,2021-04-22,251.2566680908203,239.34666442871094,247.1666717529297,239.89666748046875,106770900.0,239.89666748046875,2021-04-22,231.4673865509033
1849,2021-05-07,230.0,220.07333374023438,221.93333435058594,224.1233367919922,70407600.0,224.1233367919922,2021-05-07,230.51485010782878
1850,2021-05-10,221.68333435058594,209.20333862304688,221.63333129882812,209.67999267578125,94177200.0,209.67999267578125,2021-05-10,217.22542409261067
1853,2021-05-13,202.15333557128906,186.5500030517578,200.51333618164062,190.56333923339844,132554700.0,190.56333923339844,2021-05-13,234.21193756103514
1855,2021-05-17,196.57666015625,187.06666564941406,191.85000610351562,192.27667236328125,97171200.0,192.27667236328125,2021-05-17,238.42045689900715
1861,2021-05-25,204.663330078125,198.57000732421875,202.43666076660156,201.56333923339844,84017700.0,201.56333923339844,2021-05-25,238.84806126912434
1862,2021-05-26,208.72332763671875,200.5,202.52000427246094,206.3766632080078,85917900.0,206.3766632080078,2021-05-26,223.02796768188477
1874,2021-06-14,208.49667358398438,203.05999755859375,204.07666015625,205.89666748046875,61272000.0,205.89666748046875,2021-06-14,231.8197048441569
1880,2021-06-22,209.52333068847656,205.1666717529297,206.0833282470703,207.90333557128906,57476700.0,207.90333557128906,2021-06-22,239.1031424967448
1881,2021-06-23,219.06666564941406,210.01333618164062,210.6666717529297,218.85667419433594,93297600.0,218.85667419433594,2021-06-23,246.03593032836915
1887,2021-07-01,229.3300018310547,224.26666259765625,227.97332763671875,225.97332763671875,55903500.0,225.97332763671875,2021-07-01,223.50644521077473
1889,2021-07-06,228.0,217.13333129882812,227.23666381835938,219.86000061035156,69853500.0,219.86000061035156,2021-07-06,260.25917627970375
1892,2021-07-09,219.6366729736328,214.89666748046875,217.72666931152344,218.98333740234375,54421500.0,218.98333740234375,2021-07-09,266.9752200826009
1899,2021-07-20,220.79666137695312,213.5,217.3300018310547,220.1666717529297,46461300.0,220.1666717529297,2021-07-20,229.32594599405925
1901,2021-07-22,220.72332763671875,214.86666870117188,218.81333923339844,216.4199981689453,45317100.0,216.4199981689453,2021-07-22,218.93141794840494
1904,2021-07-27,222.1666717529297,209.0800018310547,221.13333129882812,214.92666625976562,98439900.0,214.92666625976562,2021-07-27,263.29321238199867
1906,2021-07-29,227.89666748046875,216.26666259765625,216.59666442871094,225.78334045410156,91183800.0,225.78334045410156,2021-07-29,219.19364486694337
1908,2021-08-02,242.31333923339844,232.8000030517578,233.3333282470703,236.55667114257812,100847400.0,236.55667114257812,2021-08-02,264.7532649230957
1909,2021-08-03,240.88333129882812,233.6699981689453,239.6666717529297,236.5800018310547,64860900.0,236.5800018310547,2021-08-03,264.15476638793945
1913,2021-08-09,239.67666625976562,235.0433349609375,236.72332763671875,237.9199981689453,44145900.0,237.9199981689453,2021-08-09,232.03480513073146
1914,2021-08-10,238.8633270263672,233.9600067138672,237.99667358398438,236.663330078125,40296900.0,236.663330078125,2021-08-10,264.28578852335613
1920,2021-08-18,231.92333984375,223.11666870117188,223.25,229.663330078125,61048200.0,229.663330078125,2021-08-18,266.1181881713867
1921,2021-08-19,228.85000610351562,222.52999877929688,226.07000732421875,224.49000549316406,42940500.0,224.49000549316406,2021-08-19,203.27303792317707
1927,2021-08-27,238.3333282470703,234.03334045410156,235.0,237.30667114257812,41501400.0,237.30667114257812,2021-08-27,345.58885617574055
1928,2021-08-30,243.6666717529297,237.57666015625,238.24000549316406,243.6366729736328,55812600.0,243.6366729736328,2021-08-30,265.5126089477539
1932,2021-09-03,244.6666717529297,241.39999389648438,244.0833282470703,244.52333068847656,45738300.0,244.52333068847656,2021-09-03,352.9967439778646
1937,2021-09-13,248.25999450683594,236.28334045410156,246.73666381835938,247.6666717529297,68857500.0,247.6666717529297,2021-09-13,240.63890391031902
1942,2021-09-20,247.3333282470703,239.5399932861328,244.85333251953125,243.38999938964844,74273100.0,243.38999938964844,2021-09-20,243.27640869140626
1946,2021-09-24,258.26666259765625,248.18666076660156,248.6300048828125,258.1300048828125,64119000.0,258.1300048828125,2021-09-24,357.9068307495117
1948,2021-09-28,265.21331787109375,255.39332580566406,262.3999938964844,259.1866760253906,76144200.0,259.1866760253906,2021-09-28,358.2242973836263
1950,2021-09-30,263.0433349609375,258.3333435058594,260.3333435058594,258.49334716796875,53868000.0,258.49334716796875,2021-09-30,357.9068307495117
1953,2021-10-05,265.7699890136719,258.0666809082031,261.6000061035156,260.1966552734375,55297800.0,260.1966552734375,2021-10-05,356.6813248697917
1956,2021-10-08,265.4599914550781,260.3033447265625,265.4033203125,261.8299865722656,50215800.0,261.8299865722656,2021-10-08,353.550625
1963,2021-10-19,292.6499938964844,287.5033264160156,292.510009765625,288.0899963378906,52143300.0,288.0899963378906,2021-10-19,243.143813273112
1966,2021-10-22,303.3333435058594,296.9866638183594,298.5,303.2266540527344,68642400.0,303.2266540527344,2021-10-22,289.1538394165039
1970,2021-10-28,360.3333435058594,351.3999938964844,356.10333251953125,359.0133361816406,81639600.0,359.0133361816406,2021-10-28,270.9808361816406
1974,2021-11-03,405.1300048828125,384.2066650390625,392.4433288574219,404.6199951171875,103885500.0,404.6199951171875,2021-11-03,289.3454657999674
1975,2021-11-04,414.4966735839844,405.6666564941406,411.4700012207031,409.9700012207031,76192200.0,409.9700012207031,2021-11-04,301.42492726643883
1978,2021-11-09,391.5,337.17333984375,391.20001220703125,341.1666564941406,177317400.0,341.1666564941406,2021-11-09,324.9935750325521
1983,2021-11-16,352.3999938964844,334.05999755859375,334.4366760253906,351.57666015625,79627200.0,351.57666015625,2021-11-16,355.92382069905597
1991,2021-11-29,380.8900146484375,366.7300109863281,366.9966735839844,378.9966735839844,58393500.0,378.9966735839844,2021-11-29,301.2506749471029
1993,2021-12-01,390.9466552734375,363.586669921875,386.8999938964844,365.0,68450400.0,365.0,2021-12-01,322.35841796875
1995,2021-12-03,363.52667236328125,333.4033203125,361.5966796875,338.3233337402344,92322000.0,338.3233337402344,2021-12-03,299.287219543457
1997,2021-12-07,352.5566711425781,342.2699890136719,348.0666809082031,350.5833435058594,56084700.0,350.5833435058594,2021-12-07,338.4387952677409
1998,2021-12-08,357.4599914550781,344.3333435058594,350.9033203125,356.32000732421875,41906400.0,356.32000732421875,2021-12-08,317.99099334716794
1999,2021-12-09,354.163330078125,334.1199951171875,353.5466613769531,334.6000061035156,59438400.0,334.6000061035156,2021-12-09,295.0361576334635
2008,2021-12-22,338.5533447265625,319.01666259765625,321.88665771484375,336.2900085449219,93634200.0,336.2900085449219,2021-12-22,287.5968564860026
2013,2021-12-30,365.1833190917969,351.04998779296875,353.77667236328125,356.7799987792969,47040900.0,356.7799987792969,2021-12-30,317.3051599121094
2019,2022-01-07,360.30999755859375,336.6666564941406,360.1233215332031,342.32000732421875,84164700.0,342.32000732421875,2022-01-07,332.5063100179037
2021,2022-01-11,358.6166687011719,346.2733459472656,351.22332763671875,354.79998779296875,66063300.0,354.79998779296875,2022-01-11,356.6959665934245
2026,2022-01-19,351.5566711425781,331.6666564941406,347.2366638183594,331.8833312988281,75442500.0,331.8833312988281,2022-01-19,316.52739095052084
2035,2022-02-01,314.5666809082031,301.6666564941406,311.7366638183594,310.4166564941406,73138200.0,310.4166564941406,2022-02-01,295.4049706013997
2038,2022-02-04,312.1666564941406,293.72332763671875,299.0733337402344,307.7733459472656,73625400.0,307.7733459472656,2022-02-04,257.40883270263674
2039,2022-02-07,315.92333984375,300.9033203125,307.92999267578125,302.4466552734375,60994500.0,302.4466552734375,2022-02-07,286.14994923909506
2044,2022-02-14,299.6266784667969,284.3833312988281,287.19000244140625,291.9200134277344,67756500.0,291.9200134277344,2022-02-14,230.88743698120118
2047,2022-02-17,306.1666564941406,291.3666687011719,304.4200134277344,292.1166687011719,55178400.0,292.1166687011719,2022-02-17,234.95062530517578
2056,2022-03-03,295.4800109863281,277.5333251953125,292.92333984375,279.7633361816406,61623600.0,279.7633361816406,2022-03-03,318.13869277954103
2057,2022-03-04,285.2166748046875,275.0533447265625,283.0333251953125,279.42999267578125,66999600.0,279.42999267578125,2022-03-04,276.45180821736653
