,date,open,high,low,volume,Actual,Predicted
1,2013-02-11,94.75,95.31,94.6,3557598.0,95.17,95.01913847237692
5,2013-02-15,93.81,94.31,93.21,5095513.0,93.9,93.74906662781659
8,2013-02-21,93.44,94.45,93.3,4425256.0,94.14,94.10790475384944
10,2013-02-25,95.38,96.78,95.26,9028181.0,96.14,96.31671291815013
10,2013-02-25,95.38,97.18,95.27,7793438.0,96.21,96.70947128751394
14,2013-03-01,95.68,95.82,94.96,3824220.0,95.68,95.2484762711626
15,2013-03-04,95.6,95.67,94.87,4637656.0,95.07,95.08345891829377
18,2013-03-07,96.64,97.16,96.64,4566416.0,97.09,96.9312468668765
20,2013-03-11,98.46,99.84,98.07,7549944.0,99.36,99.25377267061941
22,2013-03-13,98.74,99.1,98.07,4485137.0,98.24,98.51603111752004
27,2013-03-20,98.59,98.9,98.59,3515922.0,98.77,98.70791231966398
31,2013-03-26,98.35,98.665,98.26,4433952.0,98.5,98.40523400751354
32,2013-03-27,98.19,99.15,97.79,7543054.0,98.23,98.59819843352727
34,2013-04-01,99.41,99.68,98.85,3156140.0,99.05,99.18995917255279
39,2013-04-08,101.08,101.5,100.85,4163570.0,101.5,101.15353878616709
44,2013-04-15,103.14,103.44,102.13,5643000.0,102.15,102.6431784973511
45,2013-04-16,102.4,103.05,102.02,3199279.0,103.04,102.61635486383179
49,2013-04-22,99.35,99.99,99.01,4179128.0,99.13,99.56580053357078
49,2013-04-22,99.35,99.66,98.38,5609009.0,99.32,98.89246945019302
52,2013-04-25,101.27,101.63,100.85,3529087.0,100.94,101.19718565299354
52,2013-04-25,101.27,101.48,100.5,4270525.0,100.74,100.85438876431874
55,2013-04-30,102.27,102.36,101.56,4204779.0,102.14,101.77782089411458
58,2013-05-03,102.92,103.34,102.55,4100598.0,102.92,102.91429855804347
60,2013-05-07,102.09,102.52,101.79,4304394.0,102.29,102.12936592453966
64,2013-05-13,100.02,100.7,99.8,3154049.0,100.38,100.35700714905695
70,2013-05-21,101.65,102.62,101.42,4079810.0,102.14,102.22269036790503
74,2013-05-28,101.06,101.295,100.8,3075103.0,100.95,100.9711198201179
75,2013-05-29,100.64,100.64,98.28,8770665.0,99.05,99.07318222639273
82,2013-06-07,97.06,98.69,97.0,5036706.0,98.28,98.31441712039837
85,2013-06-12,98.74,99.1,98.07,4485137.0,98.24,98.51603111752004
92,2013-06-21,97.36,97.75,96.889,7228054.0,97.23,97.22044152102815
98,2013-07-01,99.35,99.99,99.01,4179128.0,99.13,99.56580053357078
98,2013-07-01,99.35,99.66,98.38,5609009.0,99.32,98.89246945019302
101,2013-07-05,100.69,100.73,100.3,4163000.0,100.47,100.33205067965984
103,2013-07-09,100.24,100.37,99.2,4121319.0,99.99,99.60877923317271
108,2013-07-16,100.18,101.12,99.47,4407298.0,100.88,100.45857255474495
113,2013-07-23,97.55,97.72,96.68,6993154.0,96.76,96.99640114153583
116,2013-07-26,97.25,97.6,97.08,2920344.0,97.37,97.32548303849359
118,2013-07-30,98.0,98.505,97.7,4578676.0,98.43,98.11009138521375
118,2013-07-30,98.0,98.21,96.2,10204033.0,96.48,96.90748486081318
122,2013-08-05,99.01,99.92,98.46,9438793.0,99.11,99.25110647442787
122,2013-08-05,99.01,99.435,98.83,3326914.0,99.31,99.13634838753337
124,2013-08-07,98.6,98.99,98.27,3263152.0,98.33,98.61442043457907
129,2013-08-14,96.24,96.35,95.25,7712713.0,95.46,95.55444256620389
139,2013-08-28,95.0,95.13,94.14,3993056.0,94.36,94.48059972433734
140,2013-08-29,95.65,95.98,94.7,4796596.0,94.86,95.245205350137
141,2013-08-30,95.0,95.13,94.14,3993056.0,94.36,94.48059972433734
142,2013-09-03,95.1,95.28,94.12,3672096.0,94.52,94.56629906784326
149,2013-09-12,97.48,98.3898,97.0,6006535.0,98.21,97.83088097239528
152,2013-09-17,97.58,98.3636,97.49,3257018.0,97.92,98.08508928244964
155,2013-09-20,97.7,98.22,97.0,6429758.0,97.5,97.56791195800322
156,2013-09-23,96.97,97.58,96.82,3301697.0,97.28,97.2851208245878
159,2013-09-26,97.89,98.32,97.79,3604873.0,98.19,98.06147087778666
160,2013-09-27,97.89,98.32,97.79,3604873.0,98.19,98.06147087778666
161,2013-09-30,96.46,96.69,95.11,4404537.0,96.21,95.75129912211246
166,2013-10-07,94.26,97.3,93.98,16489076.0,96.22,96.44911920149441
176,2013-10-21,93.7,94.15,93.44,4708175.0,93.51,93.7882149704928
184,2013-10-31,96.2,96.7,96.11,4271333.0,96.52,96.43051027270388
186,2013-11-04,97.26,97.5,96.83,5023903.0,97.31,97.05112642742041
187,2013-11-05,97.38,97.75,97.02,4344574.0,97.41,97.34069982163454
191,2013-11-11,96.83,97.42,96.53,5222895.0,97.17,97.00664418745077
192,2013-11-12,97.07,97.76,96.85,3852185.0,97.66,97.40806048510082
194,2013-11-14,98.18,98.7,97.18,6594446.0,97.56,97.87907908652043
196,2013-11-18,96.9,97.15,95.99,4530709.0,96.17,96.44742069483263
198,2013-11-20,97.57,98.05,97.18,3815319.0,97.54,97.62414526447392
202,2013-11-26,98.8,99.09,98.15,5523493.0,98.2,98.50270351259407
204,2013-11-29,97.25,97.6,97.08,2920344.0,97.37,97.32548303849359
206,2013-12-03,96.75,97.45,96.64,3927133.0,96.64,97.15662029150185
211,2013-12-10,95.69,95.7,95.07,4190870.0,95.43,95.18814527921262
216,2013-12-17,95.44,95.67,94.79,4269118.0,94.89,95.12007653444039
218,2013-12-19,95.88,97.37,95.57,10187067.0,97.33,96.76994312905231
224,2013-12-30,96.88,97.15,96.79,2292954.0,97.01,96.94010552761922
226,2014-01-02,96.81,97.02,96.0,7484752.0,96.29,96.31725698344054
227,2014-01-03,96.9,97.15,95.99,4530709.0,96.17,96.44742069483263
231,2014-01-09,96.24,96.35,95.25,7712713.0,95.46,95.55444256620389
232,2014-01-10,95.83,95.83,94.59,5777612.0,94.83,94.94699797597346
233,2014-01-13,95.83,95.83,94.59,5777612.0,94.83,94.94699797597346
240,2014-01-23,94.55,95.95,94.5,7150912.0,95.32,95.56423790586489
247,2014-02-03,94.54,94.74,92.91,6908865.0,93.02,93.60437213567151
249,2014-02-05,92.8,92.82,92.2,5260721.0,92.5,92.3026336981382
249,2014-02-05,92.8,93.84,92.22,4958957.0,93.58,93.24434733205173
251,2014-02-07,95.09,95.95,94.62,6610561.0,95.92,95.39396093186065
253,2014-02-11,95.06,95.67,94.75,4363227.0,95.58,95.26999320399456
254,2014-02-12,95.44,95.67,94.79,4269118.0,94.89,95.12007653444039
260,2014-02-21,96.04,96.565,95.84,4126987.0,95.84,96.23602858785621
262,2014-02-25,96.46,96.69,95.11,4404537.0,96.21,95.75129912211246
263,2014-02-26,96.63,96.74,95.71,4265938.0,95.89,96.05083673828074
268,2014-03-05,95.34,95.61,94.94,3913441.0,95.02,95.20079084317803
269,2014-03-06,95.06,95.67,94.75,4363227.0,95.58,95.26999320399456
270,2014-03-07,95.74,95.79,94.97,3726306.0,95.5,95.20128596127799
271,2014-03-10,95.26,95.68,94.97,4395086.0,95.2,95.30767679795737
283,2014-03-26,96.04,96.565,95.84,4126987.0,95.84,96.23602858785621
284,2014-03-27,95.77,95.88,94.85,5086647.0,95.02,95.17618618728815
286,2014-03-31,97.44,97.52,96.555,6336484.0,97.0,96.80990216472817
291,2014-04-07,97.58,98.3636,97.49,3257018.0,97.92,98.08508928244964
295,2014-04-11,99.15,99.73,99.06,6553636.0,99.29,99.40158117869876
298,2014-04-16,101.0,101.12,100.4858,3532731.0,100.83,100.65839391049815
299,2014-04-17,100.73,101.0,100.25,4545196.0,100.25,100.52348463101481
301,2014-04-22,100.02,100.7,99.8,3154049.0,100.38,100.35700714905695
302,2014-04-23,99.35,99.99,99.01,4179128.0,99.13,99.56580053357078
302,2014-04-23,99.35,99.66,98.38,5609009.0,99.32,98.89246945019302
303,2014-04-24,99.52,100.1,99.13,4765762.0,99.84,99.64192843951128
308,2014-05-01,100.68,101.04,100.3344,3531410.0,100.96,100.6491396132291
310,2014-05-05,101.38,101.38,100.59,3483458.0,101.14,100.77851661828674
311,2014-05-06,101.06,101.295,100.8,3075103.0,100.95,100.9711198201179
317,2014-05-14,103.69,103.78,102.54,3826313.0,103.03,102.96113416723345
319,2014-05-16,102.55,103.39,102.35,5080977.0,103.14,102.99951067542278
320,2014-05-19,102.81,102.83,101.74,3865156.0,102.09,102.06255219100987
322,2014-05-21,101.71,102.58,101.553,2735638.0,102.56,102.25878021898018
327,2014-05-29,101.27,101.63,100.85,3529087.0,100.94,101.19718565299354
327,2014-05-29,101.27,101.48,100.5,4270525.0,100.74,100.85438876431874
328,2014-05-30,101.25,101.46,100.71,4232438.0,101.43,100.96136991822343
333,2014-06-06,102.41,102.62,101.775,2955593.0,101.96,102.09240171389693
338,2014-06-13,99.41,99.68,98.85,3156140.0,99.05,99.18995917255279
342,2014-06-19,101.04,102.03,101.04,3376565.0,101.91,101.77225866732421
348,2014-06-27,101.25,101.46,100.71,4232438.0,101.43,100.96136991822343
349,2014-06-30,101.27,101.63,100.85,3529087.0,100.94,101.19718565299354
349,2014-06-30,101.27,101.48,100.5,4270525.0,100.74,100.85438876431874
351,2014-07-02,101.02,101.08,100.35,3222376.0,100.53,100.54467702832788
358,2014-07-14,100.69,100.73,100.3,4163000.0,100.47,100.33205067965984
359,2014-07-15,100.32,100.37,99.86,3793351.0,100.3,99.94083141266806
361,2014-07-17,98.96,99.09,98.35,4104240.0,98.37,98.56759131429118
364,2014-07-22,95.39,96.85,95.1,12398494.0,96.27,96.22057600654082
364,2014-07-22,95.39,95.99,95.14,5365429.0,95.66,95.60318523731563
368,2014-07-28,95.5,96.22,95.18,4099804.0,95.48,95.80860529567258
371,2014-07-31,95.22,95.42,94.929,3429027.0,95.14,95.08703473358625
381,2014-08-14,93.65,93.89,93.261,5644922.0,93.66,93.45846962957093
386,2014-08-21,94.31,94.76,94.24,5981567.0,94.53,94.47581992871466
390,2014-08-27,94.23,94.98,94.051,5476740.0,94.36,94.61823090305214
390,2014-08-27,94.23,94.68,93.601,9027320.0,94.65,94.02853356597834
391,2014-08-28,93.65,93.89,93.261,5644922.0,93.66,93.45846962957093
393,2014-09-02,93.24,93.7,92.69,6736236.0,92.8,93.13863975511765
397,2014-09-08,92.8,92.82,92.2,5260721.0,92.5,92.3026336981382
397,2014-09-08,92.8,93.84,92.22,4958957.0,93.58,93.24434733205173
402,2014-09-15,93.26,94.05,92.86,6400320.0,94.01,93.5467683883001
402,2014-09-15,93.26,93.91,93.25,6254980.0,93.47,93.63670520172411
406,2014-09-19,93.95,94.93,93.8,9043095.0,94.36,94.49205818526195
408,2014-09-23,93.7,94.15,93.44,4708175.0,93.51,93.7882149704928
409,2014-09-24,93.7,94.15,93.44,4708175.0,93.51,93.7882149704928
412,2014-09-29,94.26,97.3,93.98,16489076.0,96.22,96.44911920149441
416,2014-10-03,95.29,95.29,94.506,3948919.0,94.86,94.69473679846708
418,2014-10-07,93.51,93.54,92.8,6095819.0,92.81,92.94326521112566
420,2014-10-09,93.77,94.0,92.71,5069103.0,92.72,93.21253275627795
427,2014-10-20,90.96,91.59,90.7073,5408134.0,91.59,91.20693561841213
427,2014-10-20,90.96,91.1,88.25,10121636.0,88.46,89.32055096282309
429,2014-10-22,90.7,91.79,90.55,5263046.0,91.67,91.42372539701181
431,2014-10-24,90.7,91.79,90.55,5263046.0,91.67,91.42372539701181
432,2014-10-27,91.52,92.09,91.5,4078298.0,92.01,91.86561358268045
434,2014-10-29,92.65,93.12,92.0,5300445.0,92.73,92.53267612020367
435,2014-10-30,92.57,93.39,92.4901,3965528.0,93.38,93.10954268326947
436,2014-10-31,93.9,94.01,92.83,6800889.0,93.73,93.19344089779361
438,2014-11-04,93.93,94.63,93.77,5802179.0,94.47,94.27743341210895
439,2014-11-05,95.0,95.13,94.14,3993056.0,94.36,94.48059972433734
443,2014-11-11,95.22,95.42,94.929,3429027.0,95.14,95.08703473358625
445,2014-11-13,95.5,96.22,95.18,4099804.0,95.48,95.80860529567258
446,2014-11-14,95.38,96.78,95.26,9028181.0,96.14,96.31671291815013
446,2014-11-14,95.38,97.18,95.27,7793438.0,96.21,96.70947128751394
448,2014-11-18,96.04,96.565,95.84,4126987.0,95.84,96.23602858785621
452,2014-11-24,96.83,97.42,96.53,5222895.0,97.17,97.00664418745077
453,2014-11-25,97.2,97.34,96.8501,5368952.0,97.0,96.93764710030443
458,2014-12-03,94.8,95.565,94.78,5324034.0,95.5,95.29096285274709
459,2014-12-04,95.39,96.85,95.1,12398494.0,96.27,96.22057600654082
459,2014-12-04,95.39,95.99,95.14,5365429.0,95.66,95.60318523731563
461,2014-12-08,93.41,97.5,92.23,11792656.0,92.61,96.15269775507842
464,2014-12-11,90.09,91.15,90.02,8972720.0,90.97,90.75762125179502
465,2014-12-12,90.66,91.389,90.43,8696756.0,90.62,90.94412526952992
466,2014-12-15,90.96,91.59,90.7073,5408134.0,91.59,91.20693561841213
466,2014-12-15,90.96,91.1,88.25,10121636.0,88.46,89.32055096282309
467,2014-12-16,88.07,90.75,87.62,15106676.0,88.72,89.87948253516687
470,2014-12-19,93.51,93.54,92.8,6095819.0,92.81,92.94326521112566
471,2014-12-22,93.28,94.015,93.03,5342248.0,93.89,93.62026963474834
474,2014-12-26,94.1,94.83,94.0,5564108.0,94.34,94.51195710390664
478,2015-01-02,94.13,95.0,93.05,6019693.0,93.26,94.1220878767997
481,2015-01-07,93.26,94.05,92.86,6400320.0,94.01,93.5467683883001
481,2015-01-07,93.26,93.91,93.25,6254980.0,93.47,93.63670520172411
482,2015-01-08,94.23,94.98,94.051,5476740.0,94.36,94.61823090305214
482,2015-01-08,94.23,94.68,93.601,9027320.0,94.65,94.02853356597834
483,2015-01-09,93.97,93.97,92.78,4283293.0,93.21,93.14797575373747
485,2015-01-13,93.95,94.93,93.8,9043095.0,94.36,94.49205818526195
487,2015-01-15,91.97,92.35,90.965,5737468.0,91.38,91.56896947166486
489,2015-01-20,91.64,91.88,90.23,6967278.0,90.8,90.86598218210459
492,2015-01-23,90.92,91.64,89.43,11495980.0,89.56,90.44833859858703
494,2015-01-27,89.96,90.31,89.56,6640833.0,89.57,89.8496899164959
497,2015-01-30,92.65,93.12,92.0,5300445.0,92.73,92.53267612020367
500,2015-02-04,93.5,94.43,93.5,6464783.0,94.05,94.13136850126095
501,2015-02-05,94.1,94.83,94.0,5564108.0,94.34,94.51195710390664
505,2015-02-11,94.16,94.49,93.56,8154994.0,94.19,93.88319867504947
509,2015-02-18,94.23,94.98,94.051,5476740.0,94.36,94.61823090305214
509,2015-02-18,94.23,94.68,93.601,9027320.0,94.65,94.02853356597834
511,2015-02-20,94.16,94.49,93.56,8154994.0,94.19,93.88319867504947
513,2015-02-24,94.08,95.33,93.69,5643590.0,94.98,94.80273944367622
520,2015-03-05,99.01,99.92,98.46,9438793.0,99.11,99.25110647442787
520,2015-03-05,99.01,99.435,98.83,3326914.0,99.31,99.13634838753337
522,2015-03-09,96.81,97.02,96.0,7484752.0,96.29,96.31725698344054
523,2015-03-10,96.91,97.12,96.1,7838923.0,96.29,96.40998961809967
524,2015-03-11,96.3,96.97,95.81,4430255.0,96.29,96.46181338962629
526,2015-03-13,96.24,96.35,95.25,7712713.0,95.46,95.55444256620389
528,2015-03-17,96.9,97.15,95.99,4530709.0,96.17,96.44742069483263
529,2015-03-18,96.01,97.24,95.33,5830963.0,97.0,96.54789976754573
530,2015-03-19,96.86,97.01,95.98,3615389.0,95.98,96.35156387027799
531,2015-03-20,96.32,97.72,96.12,10014005.0,97.05,97.19126815782599
533,2015-03-24,98.46,99.84,98.07,7549944.0,99.36,99.25377267061941
535,2015-03-26,97.6,97.97,96.195,10445795.0,97.64,96.8652197954161
536,2015-03-27,97.36,97.75,96.889,7228054.0,97.23,97.22044152102815
539,2015-04-01,96.81,97.02,96.0,7484752.0,96.29,96.31725698344054
542,2015-04-07,96.24,96.35,95.25,7712713.0,95.46,95.55444256620389
545,2015-04-10,96.9,97.15,95.99,4530709.0,96.17,96.44742069483263
546,2015-04-13,97.41,97.41,96.09,5554624.0,96.1,96.48438888378125
549,2015-04-16,96.37,97.44,95.505,5071657.0,95.63,96.67578044548644
551,2015-04-20,95.0,95.13,94.14,3993056.0,94.36,94.48059972433734
554,2015-04-23,97.44,97.52,96.555,6336484.0,97.0,96.80990216472817
556,2015-04-27,98.74,99.1,98.07,4485137.0,98.24,98.51603111752004
565,2015-05-08,98.19,99.15,97.79,7543054.0,98.23,98.59819843352727
567,2015-05-12,97.39,98.35,96.92,4848072.0,97.95,97.81517320010731
571,2015-05-18,97.97,98.25,97.62,4100835.0,98.02,97.85827284449078
574,2015-05-21,99.89,99.96,99.06,4730442.0,99.28,99.30814096520955
575,2015-05-22,99.15,99.73,99.06,6553636.0,99.29,99.40158117869876
578,2015-05-28,98.0,98.505,97.7,4578676.0,98.43,98.11009138521375
578,2015-05-28,98.0,98.21,96.2,10204033.0,96.48,96.90748486081318
580,2015-06-01,95.84,96.91,95.84,4919173.0,96.22,96.62443668553061
581,2015-06-02,96.3,96.97,95.81,4430255.0,96.29,96.46181338962629
583,2015-06-04,96.3,96.97,95.81,4430255.0,96.29,96.46181338962629
587,2015-06-10,95.02,95.63,94.81,4828577.0,95.3,95.27564964898768
588,2015-06-11,95.5,96.22,95.18,4099804.0,95.48,95.80860529567258
592,2015-06-17,94.54,94.74,92.91,6908865.0,93.02,93.60437213567151
593,2015-06-18,95.69,95.7,95.07,4190870.0,95.43,95.18814527921262
597,2015-06-24,96.75,97.45,96.64,3927133.0,96.64,97.15662029150185
602,2015-07-01,95.1,95.28,94.12,3672096.0,94.52,94.56629906784326
606,2015-07-08,95.65,95.98,94.7,4796596.0,94.86,95.245205350137
607,2015-07-09,96.64,97.16,96.64,4566416.0,97.09,96.9312468668765
608,2015-07-10,97.25,97.6,97.08,2920344.0,97.37,97.32548303849359
609,2015-07-13,98.0,98.505,97.7,4578676.0,98.43,98.11009138521375
609,2015-07-13,98.0,98.21,96.2,10204033.0,96.48,96.90748486081318
613,2015-07-17,97.7,98.22,97.0,6429758.0,97.5,97.56791195800322
615,2015-07-21,97.6,97.97,96.195,10445795.0,97.64,96.8652197954161
616,2015-07-22,97.71,98.25,97.43,5392596.0,97.58,97.84713580579928
618,2015-07-24,97.41,97.41,96.09,5554624.0,96.1,96.48438888378125
621,2015-07-29,97.48,98.3898,97.0,6006535.0,98.21,97.83088097239528
625,2015-08-04,99.47,99.52,98.77,2842075.0,99.14,98.97985001319687
630,2015-08-11,98.69,99.164,98.4,3584996.0,98.81,98.79591611935457
634,2015-08-17,99.0,100.91,98.92,5204060.0,100.66,100.4900589961936
637,2015-08-20,100.73,101.0,100.25,4545196.0,100.25,100.52348463101481
638,2015-08-21,99.38,99.39,97.13,10979952.0,97.13,97.84104108305468
641,2015-08-26,92.93,95.2,91.47,16439804.0,95.15,93.77733318021302
642,2015-08-27,95.88,97.37,95.57,10187067.0,97.33,96.76994312905231
644,2015-08-31,95.77,95.88,94.85,5086647.0,95.02,95.17618618728815
651,2015-09-10,94.96,95.85,94.75,6210823.0,95.25,95.44203481587027
653,2015-09-14,97.36,97.75,96.889,7228054.0,97.23,97.22044152102815
656,2015-09-17,98.57,98.97,97.39,7954984.0,97.84,98.03360893094091
658,2015-09-21,97.48,98.3898,97.0,6006535.0,98.21,97.83088097239528
661,2015-09-24,96.83,97.42,96.53,5222895.0,97.17,97.00664418745077
662,2015-09-25,97.89,98.32,97.79,3604873.0,98.19,98.06147087778666
674,2015-10-13,102.85,103.51,102.63,4697279.0,103.38,103.13240664110472
678,2015-10-19,104.24,105.15,104.15,7064295.0,104.49,104.77035623894008
687,2015-10-30,112.88,113.29,112.25,6409469.0,112.25,112.65654563748028
688,2015-11-02,112.46,112.84,111.23,5663034.0,112.11,111.89591602778894
689,2015-11-03,111.92,112.31,111.27,4584932.0,112.08,111.70577225090804
692,2015-11-06,112.4,113.44,112.1592,4615631.0,113.31,112.99797202104862
696,2015-11-12,113.5,113.54,112.67,4878955.0,112.72,112.86067991880245
703,2015-11-23,114.01,114.9,113.91,4968405.0,114.47,114.5389601366991
709,2015-12-02,114.1,114.27,113.45,5692204.0,113.72,113.65985654308757
711,2015-12-04,113.75,116.39,113.42,7778164.0,116.2,115.68376730622266
717,2015-12-14,116.17,117.07,114.65,7660702.0,116.26,115.87094283200385
722,2015-12-21,116.96,117.74,116.61,3344606.0,117.69,117.27856435777694
725,2015-12-24,118.75,118.99,118.5,1659340.0,118.57,118.66390350099863
726,2015-12-28,118.1,118.9,118.05,2777327.0,118.75,118.61031236498785
729,2015-12-31,118.82,119.175,117.94,3723186.0,118.14,118.45121437780766
733,2016-01-07,117.44,117.97,115.59,7477876.0,115.66,116.62556311390584
736,2016-01-12,117.03,117.57,116.12,5640744.0,117.15,116.77780433355684
737,2016-01-13,117.69,117.87,115.08,6985962.0,115.12,116.1506246354492
740,2016-01-19,116.63,117.71,115.96,9195272.0,117.5,116.92890817119434
742,2016-01-21,116.51,118.44,115.79,9839121.0,117.84,117.5394717043164
744,2016-01-25,121.85,121.9,118.2,15141460.0,119.2,119.45113897538096
747,2016-01-28,121.1,122.6,120.2,7460478.0,122.38,121.6791423007586
748,2016-01-29,122.77,124.35,122.75,10549947.0,123.78,123.839455158731
751,2016-02-03,124.36,124.58,120.84,9326962.0,121.47,122.2975607137053
753,2016-02-05,120.65,120.65,114.96,13261695.0,115.4,117.1265522084147
754,2016-02-08,114.05,116.36,112.71,11311503.0,116.05,115.05939104455122
757,2016-02-11,115.74,117.5,115.69,7568647.0,116.73,117.02976996730715
758,2016-02-12,116.72,118.33,116.1,8552812.0,117.93,117.53946922468188
759,2016-02-16,118.42,119.18,117.6,10835814.0,119.18,118.31018355629
762,2016-02-19,117.0,117.35,115.81,10793653.0,116.53,116.3191849055486
767,2016-02-26,117.98,117.98,116.52,5184865.0,117.1,116.94369973151099
768,2016-02-29,116.8,118.365,116.71,6467747.0,117.19,117.91088070082942
769,2016-03-01,117.91,119.19,117.77,4731479.0,118.85,118.7674895438746
771,2016-03-03,117.48,117.48,115.3248,9131980.0,116.69,115.98454981050574
772,2016-03-04,116.72,118.33,116.1,8552812.0,117.93,117.53946922468188
773,2016-03-07,117.03,117.57,116.12,5640744.0,117.15,116.77780433355684
785,2016-03-23,124.1,125.0,123.86,4143636.0,124.19,124.55743737430109
790,2016-03-31,126.15,126.96,125.61,7685896.0,125.68,126.28646957644192
792,2016-04-04,127.05,127.868,126.88,4239620.0,127.57,127.46366752318495
793,2016-04-05,126.84,127.78,126.39,6282243.0,127.38,127.17032432632011
795,2016-04-07,127.37,128.5162,127.02,4720775.0,128.14,127.97221707949119
796,2016-04-08,128.28,128.74,127.28,3625607.0,127.96,127.92354387142395
798,2016-04-12,128.08,128.28,126.89,5211376.0,127.61,127.35235462913111
808,2016-04-26,127.42,128.34,127.03,4082343.0,127.71,127.80784056932957
811,2016-04-29,127.93,127.93,126.1,6276920.0,126.49,126.6489644180119
813,2016-05-03,127.4,128.99,127.38,4048446.0,128.4,128.59895829100282
814,2016-05-04,127.57,130.4299,127.57,6613656.0,129.33,129.87968263488216
818,2016-05-10,130.85,131.96,130.85,4082597.0,131.6,131.61716635879355
824,2016-05-18,127.05,127.868,126.88,4239620.0,127.57,127.46366752318495
840,2016-06-10,121.8,122.66,121.61,4347385.0,122.36,122.24915263807071
842,2016-06-14,122.54,123.19,121.93,6351355.0,122.51,122.5268818338195
848,2016-06-22,121.31,121.45,120.05,6578905.0,120.62,120.47584991256565
853,2016-06-29,119.16,119.96,119.0,5020404.0,119.49,119.56308251689012
856,2016-07-05,120.12,120.8,120.1,5191103.0,120.76,120.48576616658436
858,2016-07-07,120.89,121.24,120.41,3621346.0,120.92,120.73400663222552
860,2016-07-11,121.69,122.08,119.82,7022556.0,121.38,120.73822844347605
861,2016-07-12,122.0,122.59,121.96,3742030.0,122.25,122.29834323249689
867,2016-07-20,126.84,127.78,126.39,6282243.0,127.38,127.17032432632011
872,2016-07-27,121.69,122.08,119.82,7022556.0,121.38,120.73822844347605
874,2016-07-29,119.14,119.66,117.43,7460860.0,117.65,118.39023262129182
875,2016-08-01,117.88,118.39,117.74,4208757.0,118.01,118.04990645453078
877,2016-08-03,117.77,118.02,117.14,4120014.0,117.52,117.43736420830149
878,2016-08-04,117.85,118.55,117.58,4313219.0,118.3,118.1188143700459
879,2016-08-05,118.78,119.45,118.6,3883771.0,119.21,119.07769522789161
881,2016-08-09,117.98,117.98,116.52,5184865.0,117.1,116.94369973151099
887,2016-08-17,117.98,117.98,116.52,5184865.0,117.1,116.94369973151099
889,2016-08-19,116.8,118.365,116.71,6467747.0,117.19,117.91088070082942
893,2016-08-25,115.1,115.78,114.88,6694088.0,115.43,115.33612396016112
897,2016-08-31,115.51,115.8147,114.86,3966619.0,115.4,115.22357632502404
898,2016-09-01,115.51,115.8147,114.86,3966619.0,115.4,115.22357632502404
901,2016-09-07,117.27,117.49,116.44,2647685.0,116.92,116.83082420505768
902,2016-09-08,116.82,117.11,116.04,3085582.0,116.17,116.46388135716467
907,2016-09-15,114.88,116.24,114.77,3674687.0,116.14,115.85363904013762
911,2016-09-21,116.49,117.52,116.35,2775956.0,117.17,117.16270934383033
913,2016-09-23,116.49,117.52,116.35,2775956.0,117.17,117.16270934383033
914,2016-09-26,116.8,118.365,116.71,6467747.0,117.19,117.91088070082942
915,2016-09-27,116.95,117.2,116.37,3745396.0,116.88,116.65391446168321
918,2016-09-30,114.69,115.71,114.69,4188694.0,115.36,115.40587156001781
920,2016-10-04,114.99,115.51,113.42,4742913.0,113.5,114.37959414491972
923,2016-10-07,113.97,114.34,113.22,4153139.0,113.45,113.68728264175081
924,2016-10-10,114.21,114.99,114.16,3290302.0,114.71,114.69974809800239
926,2016-10-12,113.6,115.23,113.54,3340166.0,114.71,114.85509083936701
927,2016-10-13,114.14,115.74,114.07,4464728.0,115.41,115.33888547742907
935,2016-10-25,113.5,113.54,112.67,4878955.0,112.72,112.86067991880245
939,2016-10-31,112.46,112.84,111.23,5663034.0,112.11,111.89591602778894
949,2016-11-14,114.99,115.51,113.42,4742913.0,113.5,114.37959414491972
953,2016-11-18,119.26,120.24,118.907,3655358.0,120.0,119.74742224154406
955,2016-11-22,119.5,120.29,118.88,3699103.0,119.69,119.66733638785188
957,2016-11-25,120.08,120.99,119.92,1709105.0,120.66,120.64703221099604
958,2016-11-28,120.38,121.87,120.23,5931717.0,121.82,121.39348409694024
959,2016-11-29,120.38,121.87,120.23,5931717.0,121.82,121.39348409694024
963,2016-12-05,119.45,120.34,119.03,5191935.0,119.29,119.78803172669193
966,2016-12-08,120.05,121.15,119.5,3255709.0,120.45,120.54452556744234
968,2016-12-12,121.57,122.25,121.26,4172434.0,121.74,121.79408525116386
969,2016-12-13,121.78,122.92,121.76,4307966.0,122.68,122.5770883432806
970,2016-12-14,122.87,123.4,122.39,4967405.0,122.84,122.84636298123985
971,2016-12-15,122.97,123.36,121.77,4402760.0,122.36,122.43550470880841
977,2016-12-23,123.37,123.83,123.07,2164391.0,123.14,123.43657781875166
981,2016-12-30,122.79,123.16,121.44,3574609.0,121.72,122.17196608916346
982,2017-01-03,121.86,122.38,121.76,2497470.0,121.88,122.08707877217668
986,2017-01-09,120.76,121.06,120.33,3021844.0,120.43,120.59833051156174
990,2017-01-13,122.24,122.24,121.1,2877498.0,121.5,121.41674986180126
990,2017-01-13,122.24,123.0,122.04,3155158.0,122.18,122.6159135790053
992,2017-01-18,122.81,123.0,121.8,3395003.0,122.71,122.21885228391811
993,2017-01-19,122.24,122.24,121.1,2877498.0,121.5,121.41674986180126
993,2017-01-19,122.24,123.0,122.04,3155158.0,122.18,122.6159135790053
995,2017-01-23,121.69,122.08,119.82,7022556.0,121.38,120.73822844347605
996,2017-01-24,121.97,122.06,120.52,3495211.0,121.05,121.04648902405519
997,2017-01-25,121.49,121.92,120.95,3968263.0,121.79,121.36549133758851
998,2017-01-26,121.86,122.38,121.76,2497470.0,121.88,122.08707877217668
999,2017-01-27,122.27,122.99,121.48,3592676.0,122.86,122.27717814631254
1000,2017-01-30,122.81,123.0,121.8,3395003.0,122.71,122.21885228391811
1003,2017-02-02,122.54,123.19,121.93,6351355.0,122.51,122.5268818338195
1010,2017-02-13,126.02,126.68,125.49,2993779.0,125.54,126.11985004849105
1011,2017-02-14,125.5,126.07,125.27,2663089.0,125.81,125.69048242996301
1013,2017-02-16,126.75,127.82,126.31,3006011.0,126.7,127.2692181774076
1017,2017-02-23,127.93,127.93,126.1,6276920.0,126.49,126.6489644180119
1018,2017-02-24,128.36,128.74,127.75,3537175.0,128.65,128.14658003796
1028,2017-03-10,128.56,128.59,127.72,3178943.0,127.98,127.90983960697841
1030,2017-03-14,127.65,128.23,127.5001,2492670.0,127.8,127.89257996606727
1034,2017-03-20,128.99,129.4799,128.47,3415501.0,128.78,128.92675337524508
1037,2017-03-23,129.14,129.59,128.81,2774527.0,129.0,129.15730551982972
1044,2017-04-03,129.5,129.71,128.86,3287117.0,129.61,129.1187042901043
1045,2017-04-04,129.14,129.59,128.81,2774527.0,129.0,129.15730551982972
1046,2017-04-05,129.89,131.58,129.65,4052194.0,130.41,131.0538527484402
1047,2017-04-06,130.31,130.66,129.96,3857127.0,130.15,130.20172638882536
1049,2017-04-10,129.95,130.65,129.52,2709287.0,129.98,130.1387682686007
1050,2017-04-11,130.62,131.24,129.8,3677631.0,131.2,130.50161663706132
1052,2017-04-13,131.0,131.14,130.57,2429242.0,130.76,130.68456027034432
1055,2017-04-19,132.64,133.0,132.34,3132760.0,132.64,132.57800253032866
1056,2017-04-20,132.65,133.44,132.64,2697250.0,133.27,133.14560315027
1057,2017-04-21,133.55,133.88,133.15,3466098.0,133.41,133.39746708160584
1059,2017-04-25,138.14,141.99,137.1836,10893766.0,141.7,140.71599874787915
1061,2017-04-27,141.88,142.79,140.85,5183662.0,140.87,141.85668235701235
1068,2017-05-08,143.93,144.5,143.66,2813463.0,144.24,144.05856899797016
1070,2017-05-10,143.86,144.64,143.73,2273313.0,144.52,144.26667648978474
1072,2017-05-12,144.5,145.5,144.46,2747921.0,145.36,145.14474754224182
1079,2017-05-23,148.22,148.53,147.65,3262308.0,147.82,147.93071090441447
1080,2017-05-24,147.94,149.99,147.0,3390450.0,149.5,149.02319275320207
1089,2017-06-07,151.23,152.01,150.7256,2922873.0,151.94,151.40353156969854
1090,2017-06-08,152.0,152.15,151.01,3709866.0,151.43,151.31872673186177
1100,2017-06-22,153.78,154.91,153.68,2003838.0,154.8,154.50591931216206
1101,2017-06-23,155.0,155.27,153.37,3890738.0,153.96,154.06677816547767
1101,2017-06-23,155.0,155.45,154.43,2214734.0,154.64,154.84493563799373
1103,2017-06-27,154.0,154.215,151.77,5307438.0,151.85,152.66148620781638
1103,2017-06-27,154.0,154.8152,153.46,2139026.0,153.72,154.1959966477861
1105,2017-06-29,154.58,154.58,152.15,1975891.0,153.13,153.00215796699496
1109,2017-07-06,152.7,153.46,152.33,2019798.0,153.09,152.9442038529395
1115,2017-07-14,154.99,155.5,154.73,2440151.0,155.28,155.0549234188232
1117,2017-07-18,155.0,155.27,153.37,3890738.0,153.96,154.06677816547767
1117,2017-07-18,155.0,155.45,154.43,2214734.0,154.64,154.84493563799373
1121,2017-07-24,154.0,154.215,151.77,5307438.0,151.85,152.66148620781638
1121,2017-07-24,154.0,154.8152,153.46,2139026.0,153.72,154.1959966477861
1124,2017-07-27,156.42,157.43,155.54,4624114.0,156.95,156.55163230024186
1132,2017-08-08,154.67,155.245,154.1,4234291.0,154.92,154.58862490587063
1137,2017-08-15,157.84,158.58,157.34,2160072.0,157.62,157.98164319575278
1148,2017-08-30,158.4,159.64,158.32,2236471.0,159.53,159.2227073930219
1150,2017-09-01,159.87,160.2,159.5,1878291.0,159.81,159.71281208616858
1158,2017-09-14,157.0,157.35,156.05,3109655.0,157.0,156.52393555181828
1159,2017-09-15,157.79,158.0,156.88,7425112.0,156.92,157.12126670179651
1160,2017-09-18,157.72,157.79,156.35,3832243.0,156.68,156.74381109559891
1163,2017-09-21,159.87,160.2,159.5,1878291.0,159.81,159.71281208616858
1178,2017-10-12,162.99,164.4,162.77,3023607.0,163.91,163.86510881078885
1183,2017-10-19,165.82,166.95,164.92,2478221.0,166.5,166.07341234141967
1184,2017-10-20,167.23,167.9,165.5,5577713.0,166.3,166.54636000930378
1189,2017-10-27,164.09,165.85,163.77,2298244.0,165.39,165.23982014156564
1193,2017-11-02,166.99,168.47,166.5,2290972.0,168.1,167.78703911013696
1194,2017-11-03,168.0,169.45,167.6008,1960340.0,168.65,168.82422671140574
1195,2017-11-06,168.9,169.18,168.09,2082561.0,168.96,168.43390380493753
1199,2017-11-10,166.4,166.8,163.52,4226775.0,165.59,164.86929584741864
1202,2017-11-15,167.69,168.69,167.15,2019256.0,167.32,168.02846339226244
1208,2017-11-24,168.88,169.56,168.82,963233.0,169.11,169.21037334441343
1209,2017-11-27,168.9,169.18,168.09,2082561.0,168.96,168.43390380493753
1215,2017-12-05,173.39,174.25,172.46,3228719.0,172.99,173.35201579433897
1216,2017-12-06,173.39,174.25,172.46,3228719.0,172.99,173.35201579433897
1218,2017-12-08,173.05,173.5429,172.51,2241149.0,173.15,172.91355338332744
1221,2017-12-13,172.44,173.96,172.4,2554009.0,173.55,173.5039982289399
1223,2017-12-15,173.77,175.09,173.68,7435241.0,174.06,174.52518677008254
1229,2017-12-26,171.09,171.64,170.82,1280227.0,171.29,171.1765500301376
1230,2017-12-27,171.33,172.74,170.845,1596817.0,172.67,172.0714659167379
1232,2017-12-29,172.98,172.98,171.92,2201771.0,172.12,172.11234305813934
1237,2018-01-08,173.74,174.21,172.93,2060827.0,173.93,173.43688078893064
1249,2018-01-25,176.4,176.62,174.66,2815838.0,175.66,175.3396227892872
1250,2018-01-26,175.67,178.4,175.0101,3957724.0,178.36,177.4563975033655
1252,2018-01-30,177.1,177.67,170.85,9612974.0,172.48,173.74565482309976
1253,2018-01-31,173.6,174.295,170.27,7004176.0,171.14,172.0200035319363
1255,2018-02-02,170.8,172.7299,168.99,4604454.0,169.38,171.226940213153
