,date,open,high,low,close,Adj Close,volume,DATE,Predictions
1695,2020-09-25,56.869998931884766,57.7400016784668,56.34000015258789,57.4900016784668,54.44802474975586,11955200,2020-09-25,55.228676
1696,2020-09-28,58.09000015258789,59.56999969482422,58.09000015258789,58.88999938964844,55.77394485473633,5457500,2020-09-28,55.239666
1697,2020-09-29,58.68000030517578,58.790000915527344,57.4900016784668,57.599998474121094,54.55220413208008,6362100,2020-09-29,56.8583
1698,2020-09-30,57.61000061035156,58.61000061035156,57.099998474121094,57.540000915527344,54.495384216308594,7708400,2020-09-30,56.3709
1699,2020-10-01,57.81999969482422,58.45000076293945,57.09000015258789,57.459999084472656,54.41960906982422,6525600,2020-10-01,55.74432
1700,2020-10-02,56.52000045776367,59.380001068115234,56.5099983215332,59.34000015258789,56.20012664794922,8381200,2020-10-02,55.448578
1701,2020-10-05,59.849998474121094,60.33000183105469,59.16999816894531,59.5099983215332,56.36113357543945,6077800,2020-10-05,57.19121
1702,2020-10-06,59.810001373291016,60.58000183105469,58.43000030517578,58.45000076293945,55.35723114013672,7187200,2020-10-06,58.14964
1703,2020-10-07,59.310001373291016,59.939998626708984,58.95000076293945,59.689998626708984,56.53160858154297,4925800,2020-10-07,57.20908
1704,2020-10-08,59.81999969482422,60.849998474121094,59.68000030517578,60.79999923706055,57.582881927490234,4483000,2020-10-08,57.704956
1705,2020-10-09,61.220001220703125,61.33000183105469,59.88999938964844,59.90999984741211,56.73997116088867,3996200,2020-10-09,59.102623
1706,2020-10-12,59.84000015258789,60.68000030517578,59.560001373291016,60.529998779296875,57.32716751098633,5378900,2020-10-12,58.752403
1707,2020-10-13,59.75,60.099998474121094,58.529998779296875,59.52000045776367,56.370609283447266,8836700,2020-10-13,58.892323
1708,2020-10-14,59.279998779296875,60.34000015258789,59.209999084472656,59.939998626708984,56.76838302612305,5971800,2020-10-14,58.052284
1709,2020-10-15,59.369998931884766,60.5,58.91999816894531,60.4900016784668,57.28929138183594,6166000,2020-10-15,58.055943
1710,2020-10-16,61.0,62.040000915527344,60.63999938964844,61.75,58.48261260986328,8287700,2020-10-16,58.75288
1711,2020-10-19,61.599998474121094,62.66999816894531,61.0,61.459999084472656,58.20795440673828,7373300,2020-10-19,60.235664
1712,2020-10-20,61.97999954223633,62.310001373291016,61.040000915527344,61.2400016784668,57.999603271484375,5960800,2020-10-20,60.416294
1713,2020-10-21,60.41999816894531,61.099998474121094,60.189998626708984,60.349998474121094,57.15668869018555,5647200,2020-10-21,59.966034
1714,2020-10-22,60.22999954223633,62.970001220703125,60.220001220703125,62.79999923706055,59.477054595947266,6990100,2020-10-22,58.86548
1715,2020-10-23,63.06999969482422,63.790000915527344,62.41999816894531,62.56999969482422,59.25922775268555,5864600,2020-10-23,60.755135
1716,2020-10-26,61.650001525878906,61.75,59.880001068115234,60.810001373291016,57.592350006103516,7596800,2020-10-26,61.522694
1717,2020-10-27,59.77000045776367,59.79999923706055,56.439998626708984,56.529998779296875,53.538814544677734,14785900,2020-10-27,59.87852
1718,2020-10-28,55.20000076293945,56.06999969482422,52.25,52.34000015258789,49.570526123046875,19787500,2020-10-28,55.13573
1719,2020-10-29,52.5,53.47999954223633,51.91999816894531,53.13999938964844,50.328189849853516,14994500,2020-10-29,49.52635
1720,2020-10-30,53.119998931884766,54.45000076293945,52.91999816894531,54.31999969482422,51.44575500488281,14571800,2020-10-30,48.743923
1721,2020-11-02,55.400001525878906,56.0,53.90999984741211,55.75,52.80009460449219,9750800,2020-11-02,51.30717
1722,2020-11-03,56.5099983215332,57.5099983215332,56.34000015258789,57.040000915527344,54.0218391418457,7740500,2020-11-03,54.177032
1723,2020-11-04,57.36000061035156,58.59000015258789,56.13999938964844,56.81999969482422,53.813472747802734,8662000,2020-11-04,55.972004
1724,2020-11-05,57.11000061035156,58.81999969482422,56.869998931884766,58.279998779296875,55.196224212646484,7446700,2020-11-05,55.7261
1725,2020-11-06,57.630001068115234,58.849998474121094,57.2400016784668,58.560001373291016,55.461402893066406,7849800,2020-11-06,56.36826
1726,2020-11-09,65.12000274658203,66.38999938964844,62.4900016784668,64.98999786376953,61.55117416381836,19021200,2020-11-09,56.818436
1727,2020-11-10,66.0999984741211,68.1500015258789,65.75,67.88999938964844,64.2977294921875,14358600,2020-11-10,62.904755
1728,2020-11-11,67.6500015258789,67.69999694824219,65.12000274658203,65.8499984741211,62.36566925048828,10124700,2020-11-11,67.73763
1729,2020-11-12,63.880001068115234,64.63999938964844,63.27000045776367,63.9900016784668,61.04442596435547,8345100,2020-11-12,66.499756
1730,2020-11-13,64.77999877929688,66.4000015258789,64.5199966430664,66.1500015258789,63.1049919128418,6824200,2020-11-13,63.443066
1731,2020-11-16,67.55999755859375,69.04000091552734,67.1500015258789,68.66000366210938,65.49945068359375,12885000,2020-11-16,64.17842
1732,2020-11-17,67.5199966430664,69.62000274658203,67.36000061035156,68.87000274658203,65.69979858398438,11134200,2020-11-17,67.38454
1733,2020-11-18,69.66999816894531,71.31999969482422,69.33000183105469,69.51000213623047,66.31033325195312,13392600,2020-11-18,68.700584
1734,2020-11-19,68.6500015258789,71.2300033569336,68.19999694824219,71.11000061035156,67.8366928100586,8929000,2020-11-19,69.29324
1735,2020-11-20,70.80000305175781,71.12000274658203,69.6500015258789,69.76000213623047,66.54881286621094,5833800,2020-11-20,70.687744
1736,2020-11-23,70.81999969482422,72.83999633789062,70.33999633789062,72.63999938964844,69.29624938964844,7208800,2020-11-23,69.73779
1737,2020-11-24,74.08999633789062,75.31999969482422,73.80000305175781,74.36000061035156,70.93707275390625,10570500,2020-11-24,71.83087
1738,2020-11-25,73.55000305175781,74.19000244140625,72.9000015258789,73.80999755859375,70.41238403320312,5374200,2020-11-25,74.21643
1739,2020-11-27,73.7699966430664,74.4000015258789,73.38999938964844,73.91000366210938,70.50778198242188,5103400,2020-11-27,74.22159
1740,2020-11-30,73.08999633789062,73.55000305175781,71.36000061035156,71.72000122070312,68.41858673095703,10730800,2020-11-30,73.9556
1741,2020-12-01,72.72000122070312,72.94000244140625,71.20999908447266,71.2300033569336,67.95115661621094,6544600,2020-12-01,71.72276
1742,2020-12-02,71.19000244140625,72.3499984741211,70.69000244140625,71.94000244140625,68.62847900390625,5401600,2020-12-02,70.43343
1743,2020-12-03,72.11000061035156,74.38999938964844,71.91000366210938,73.29000091552734,69.91632843017578,6893900,2020-12-03,70.915764
1744,2020-12-04,73.37999725341797,74.66000366210938,73.37999725341797,73.91000366210938,70.50778198242188,9297900,2020-12-04,72.5993
1745,2020-12-07,73.37999725341797,73.75,72.55000305175781,73.04000091552734,69.67784118652344,4913800,2020-12-07,73.740234
1746,2020-12-08,73.19000244140625,74.51000213623047,72.79000091552734,74.4800033569336,71.05155181884766,4364900,2020-12-08,73.10453
1747,2020-12-09,74.47000122070312,74.81999969482422,73.27999877929688,73.54000091552734,70.15482330322266,5329300,2020-12-09,74.01427
1748,2020-12-10,72.97000122070312,73.73999786376953,72.44999694824219,72.9800033569336,69.62059783935547,7497900,2020-12-10,73.469185
1749,2020-12-11,72.66000366210938,73.58000183105469,72.36000061035156,72.88999938964844,69.53472137451172,7185900,2020-12-11,72.649605
1750,2020-12-14,73.4000015258789,73.83000183105469,70.70999908447266,70.80000305175781,67.54094696044922,10849300,2020-12-14,72.31079
1751,2020-12-15,71.5,71.80000305175781,70.0999984741211,71.04000091552734,67.76990509033203,7769000,2020-12-15,70.377846
1752,2020-12-16,71.1500015258789,71.18000030517578,70.44999694824219,70.56999969482422,67.32152557373047,5621100,2020-12-16,69.958466
1753,2020-12-17,71.38999938964844,71.48999786376953,70.51000213623047,70.63999938964844,67.38831329345703,5769900,2020-12-17,69.67325
1754,2020-12-18,70.56999969482422,70.76000213623047,69.80999755859375,70.16999816894531,66.93994140625,16809800,2020-12-18,69.76825
1755,2020-12-21,68.69000244140625,70.23999786376953,67.77999877929688,69.66999816894531,66.46295928955078,8351700,2020-12-21,69.44895
1756,2020-12-22,69.48999786376953,70.11000061035156,68.97000122070312,69.25,66.06230163574219,4028200,2020-12-22,68.88
1757,2020-12-23,69.79000091552734,71.41000366210938,69.58999633789062,70.72000122070312,67.4646224975586,4312900,2020-12-23,68.33594
1758,2020-12-24,70.94999694824219,70.94999694824219,69.88999938964844,70.2699966430664,67.03533172607422,1758600,2020-12-24,69.6105
1759,2020-12-28,70.69999694824219,71.45999908447266,70.33999633789062,70.62999725341797,67.37877655029297,2938000,2020-12-28,69.760155
1760,2020-12-29,71.0,71.0999984741211,69.66999816894531,70.33999633789062,67.10212707519531,3670100,2020-12-29,69.99828
1761,2020-12-30,70.5,71.63999938964844,70.33999633789062,71.36000061035156,68.07515716552734,5015500,2020-12-30,69.76543
1762,2020-12-31,71.3499984741211,71.69999694824219,70.94000244140625,71.51000213623047,68.21826934814453,4177000,2020-12-31,70.58574
1763,2021-01-04,71.37999725341797,71.55999755859375,68.30999755859375,68.43000030517578,65.28004455566406,7660500,2021-01-04,71.041084
1764,2021-01-05,68.76000213623047,69.87999725341797,68.4000015258789,69.41999816894531,66.22447204589844,6436800,2021-01-05,68.2637
1765,2021-01-06,68.5,71.48999786376953,68.44999694824219,70.27999877929688,67.04488372802734,8753800,2021-01-06,68.03063
1766,2021-01-07,70.3499984741211,70.87000274658203,69.69000244140625,69.77999877929688,66.56790161132812,8771400,2021-01-07,69.165146
1767,2021-01-08,69.95999908447266,70.08000183105469,68.69999694824219,69.86000061035156,66.64421081542969,5158100,2021-01-08,69.228455
1768,2021-01-11,68.79000091552734,69.8499984741211,68.5199966430664,69.80000305175781,66.58699035644531,4569000,2021-01-11,69.19663
1769,2021-01-12,69.69000244140625,71.72000122070312,69.56999969482422,71.5199966430664,68.22779846191406,5356200,2021-01-12,69.0926
1770,2021-01-13,71.30000305175781,71.44999694824219,69.79000091552734,70.5,67.25475311279297,7032600,2021-01-13,70.65283
1771,2021-01-14,71.0,72.37000274658203,70.55000305175781,70.94000244140625,67.67449951171875,9712500,2021-01-14,70.26423
1772,2021-01-15,70.30999755859375,70.33000183105469,68.94999694824219,69.19999694824219,66.01459503173828,6980800,2021-01-15,70.32068
1773,2021-01-19,69.77999877929688,70.05000305175781,69.1500015258789,69.36000061035156,66.167236328125,7381800,2021-01-19,68.73596
1774,2021-01-20,69.47000122070312,69.52999877929688,68.61000061035156,68.83999633789062,65.6711654663086,4657700,2021-01-20,68.27905
1775,2021-01-21,68.33000183105469,68.69999694824219,67.8499984741211,68.11000061035156,64.97477722167969,7366800,2021-01-21,67.868675
1776,2021-01-22,67.72000122070312,68.11000061035156,67.12000274658203,67.58000183105469,64.46916961669922,4558100,2021-01-22,67.16387
1777,2021-01-25,66.04000091552734,66.5199966430664,65.0199966430664,66.27999877929688,63.22900390625,10514000,2021-01-25,66.506996
1778,2021-01-26,69.19999694824219,70.93000030517578,67.19000244140625,67.19999694824219,64.10665893554688,13322200,2021-01-26,65.19512
1779,2021-01-27,66.55000305175781,67.76000213623047,65.25,65.5,62.484920501708984,12377000,2021-01-27,65.68453
1780,2021-01-28,66.44000244140625,69.29000091552734,66.20999908447266,68.16999816894531,65.0320053100586,8753200,2021-01-28,64.557175
1781,2021-01-29,67.11000061035156,67.55999755859375,66.11000061035156,66.7300033569336,63.658294677734375,15649100,2021-01-29,66.58883
1782,2021-02-01,67.5999984741211,67.5999984741211,66.12999725341797,66.95999908447266,63.877708435058594,5994000,2021-02-01,66.19545
1783,2021-02-02,67.66999816894531,70.41999816894531,67.55000305175781,70.13999938964844,66.91133117675781,8710600,2021-02-02,65.97191
1784,2021-02-03,69.76000213623047,70.91999816894531,69.37000274658203,70.58000183105469,67.33106994628906,8370000,2021-02-03,68.88552
1785,2021-02-04,71.06999969482422,72.80999755859375,70.7300033569336,72.68000030517578,69.33441162109375,9024300,2021-02-04,70.349045
1786,2021-02-05,73.3499984741211,73.87999725341797,72.0,72.33000183105469,69.00051879882812,7952700,2021-02-05,72.41394
1787,2021-02-08,72.27999877929688,72.68000030517578,71.80999755859375,72.48999786376953,69.15316009521484,4964300,2021-02-08,72.49635
1788,2021-02-09,72.25,73.33999633789062,71.56999969482422,73.04000091552734,69.67784118652344,6263000,2021-02-09,72.33393
1789,2021-02-10,72.76000213623047,73.13999938964844,72.13999938964844,72.47000122070312,69.13406372070312,3930200,2021-02-10,72.67704
1790,2021-02-11,72.47000122070312,73.19000244140625,71.16999816894531,72.33000183105469,69.00051879882812,4535800,2021-02-11,72.25054
1791,2021-02-12,72.08999633789062,72.81999969482422,71.81999969482422,72.61000061035156,69.26762390136719,4207500,2021-02-12,71.913284
1792,2021-02-16,72.83999633789062,73.25,72.04000091552734,72.61000061035156,69.26762390136719,6110200,2021-02-16,72.086975
1793,2021-02-17,72.29000091552734,73.20999908447266,72.08000183105469,73.05999755859375,69.69691467285156,5186900,2021-02-17,72.19117
1794,2021-02-18,72.47000122070312,73.05000305175781,72.0199966430664,72.87999725341797,69.52519989013672,4903800,2021-02-18,72.62475
1795,2021-02-19,73.37999725341797,74.30999755859375,73.0999984741211,74.26000213623047,70.8416748046875,6275900,2021-02-19,72.58141
1796,2021-02-22,72.25,74.26000213623047,72.22000122070312,73.0,69.6396713256836,10506900,2021-02-22,73.78033
1797,2021-02-23,73.41000366210938,74.01000213623047,72.52999877929688,73.98999786376953,70.5841064453125,11686700,2021-02-23,73.00286
1798,2021-02-24,74.19000244140625,78.16999816894531,73.5199966430664,77.66999816894531,74.09469604492188,11159300,2021-02-24,73.49038
1799,2021-02-25,76.66000366210938,77.12000274658203,72.94999694824219,73.31999969482422,70.37533569335938,9483300,2021-02-25,77.15946
1800,2021-02-26,73.93000030517578,73.93000030517578,71.98999786376953,71.98999786376953,69.09874725341797,8000700,2021-02-26,74.27435
1801,2021-03-01,73.51000213623047,75.33999633789062,73.0999984741211,74.36000061035156,71.37356567382812,10910500,2021-03-01,71.62899
1802,2021-03-02,74.30999755859375,75.41999816894531,74.19999694824219,74.66999816894531,71.67110443115234,5792300,2021-03-02,73.07921
1803,2021-03-03,74.80000305175781,76.38999938964844,74.6500015258789,75.06999969482422,72.05506134033203,5960700,2021-03-03,74.28524
1804,2021-03-04,75.0199966430664,76.45999908447266,72.73999786376953,74.41999816894531,71.43115234375,8284200,2021-03-04,74.98063
1805,2021-03-05,75.2300033569336,75.56999969482422,73.0999984741211,75.18000030517578,72.16062927246094,6661900,2021-03-05,74.45412
1806,2021-03-08,76.11000061035156,77.33999633789062,75.54000091552734,75.61000061035156,72.57335662841797,7232100,2021-03-08,74.84482
1807,2021-03-09,76.04000091552734,76.69999694824219,74.75,74.83000183105469,71.82469940185547,6558300,2021-03-09,75.396255
1808,2021-03-10,75.4000015258789,77.1500015258789,74.98999786376953,76.55999755859375,73.4852066040039,6776600,2021-03-10,74.81851
1809,2021-03-11,76.56999969482422,78.08000183105469,76.19999694824219,77.05000305175781,73.95552825927734,6314900,2021-03-11,76.14805
1810,2021-03-12,78.0,78.87000274658203,77.68000030517578,78.5199966430664,75.36650085449219,6075900,2021-03-12,77.08372
1811,2021-03-15,78.77999877929688,80.05999755859375,78.3499984741211,79.56999969482422,76.37432861328125,7848900,2021-03-15,78.61522
1812,2021-03-16,79.44000244140625,79.66999816894531,78.01000213623047,78.23999786376953,75.09774017333984,5941500,2021-03-16,79.929016
1813,2021-03-17,78.45999908447266,79.83999633789062,78.30999755859375,79.55999755859375,76.36473083496094,6685900,2021-03-17,78.926125
1814,2021-03-18,79.22000122070312,79.91999816894531,77.87999725341797,77.94000244140625,74.8097915649414,6093500,2021-03-18,79.61328
1815,2021-03-19,78.0,78.55000305175781,76.12000274658203,78.36000061035156,75.2129135131836,15023800,2021-03-19,78.3676
1816,2021-03-22,78.36000061035156,78.54000091552734,76.58999633789062,76.91999816894531,73.83074951171875,7457100,2021-03-22,78.2682
1817,2021-03-23,76.2699966430664,77.16999816894531,75.01000213623047,75.18000030517578,72.16062927246094,8285400,2021-03-23,77.006645
1818,2021-03-24,76.2300033569336,77.83000183105469,75.55000305175781,75.55000305175781,72.51578521728516,7722600,2021-03-24,75.01375
1819,2021-03-25,75.0999984741211,77.66999816894531,74.62999725341797,77.52999877929688,74.41625213623047,6359100,2021-03-25,74.7929
1820,2021-03-26,77.41000366210938,78.26000213623047,76.56999969482422,78.16999816894531,75.03054809570312,6193900,2021-03-26,76.843376
1821,2021-03-29,78.30999755859375,78.98999786376953,77.52999877929688,77.68000030517578,74.56023406982422,7136700,2021-03-29,78.2078
1822,2021-03-30,77.62000274658203,78.44999694824219,77.26000213623047,77.81999969482422,74.6946029663086,5540000,2021-03-30,78.01741
1823,2021-03-31,77.83999633789062,78.22000122070312,77.05000305175781,77.2699966430664,74.16669464111328,6003300,2021-03-31,77.89489
1824,2021-04-01,77.61000061035156,77.80000305175781,76.93000030517578,77.27999877929688,74.17628479003906,6166200,2021-04-01,77.307724
1825,2021-04-05,77.86000061035156,78.44999694824219,77.54000091552734,77.91000366210938,74.78099822998047,5637900,2021-04-05,77.120964
1826,2021-04-06,77.58999633789062,78.08999633789062,77.19999694824219,77.51000213623047,74.39706420898438,8489200,2021-04-06,77.70413
1827,2021-04-07,77.48999786376953,78.11000061035156,77.05000305175781,77.5999984741211,74.48344421386719,5334700,2021-04-07,77.56831
1828,2021-04-08,77.12999725341797,77.55999755859375,76.48999786376953,77.4800033569336,74.3682632446289,5043000,2021-04-08,77.557434
1829,2021-04-09,78.54000091552734,78.87999725341797,77.6500015258789,78.29000091552734,75.1457290649414,5423400,2021-04-09,77.44049
1830,2021-04-12,78.25,78.81999969482422,78.12999725341797,78.72000122070312,75.55845642089844,5485800,2021-04-12,78.147964
1831,2021-04-13,78.0,78.08000183105469,76.73999786376953,77.69999694824219,74.57942962646484,5490700,2021-04-13,78.78615
1832,2021-04-14,78.0,78.69000244140625,77.7699966430664,77.95999908447266,74.8289794921875,4855200,2021-04-14,77.98925
1833,2021-04-15,78.16000366210938,78.27999877929688,76.9800033569336,77.97000122070312,74.83858489990234,5106500,2021-04-15,77.874115
1834,2021-04-16,78.58999633789062,78.58999633789062,77.05000305175781,78.22000122070312,75.07854461669922,7629700,2021-04-16,77.8961
1835,2021-04-19,78.12000274658203,78.7300033569336,77.73999786376953,78.58999633789062,75.43367767333984,6265600,2021-04-19,78.16071
1836,2021-04-20,77.80000305175781,77.91000366210938,76.06999969482422,77.08999633789062,73.99391174316406,8692700,2021-04-20,78.59304
1837,2021-04-21,76.80999755859375,78.94000244140625,76.4000015258789,78.87000274658203,75.70244598388672,5186900,2021-04-21,77.33395
1838,2021-04-22,78.98999786376953,79.91000366210938,78.55000305175781,78.73999786376953,75.5776596069336,6706800,2021-04-22,78.49534
1839,2021-04-23,78.80999755859375,80.76000213623047,78.80999755859375,80.54000091552734,77.30536651611328,7139200,2021-04-23,78.866905
1840,2021-04-26,81.0,82.06999969482422,80.80000305175781,81.0,77.74689483642578,12145600,2021-04-26,80.56856
1841,2021-04-27,82.76000213623047,83.69000244140625,80.87999725341797,82.80999755859375,79.48419952392578,11082400,2021-04-27,81.45652
1842,2021-04-28,81.4800033569336,83.12000274658203,81.4800033569336,83.08000183105469,79.74336242675781,7164200,2021-04-28,83.22423
1843,2021-04-29,83.55999755859375,83.80000305175781,82.51000213623047,82.87000274658203,79.54178619384766,6237000,2021-04-29,83.859886
1844,2021-04-30,82.55000305175781,83.41000366210938,82.3499984741211,83.23999786376953,79.89692687988281,5616000,2021-04-30,83.67293
1845,2021-05-03,83.80000305175781,84.44999694824219,83.27999877929688,84.13999938964844,80.76078033447266,5828800,2021-05-03,83.815125
1846,2021-05-04,84.12000274658203,84.58999633789062,83.1500015258789,83.94000244140625,80.5688247680664,9306900,2021-05-04,84.62802
1847,2021-05-05,83.62999725341797,84.66999816894531,83.54000091552734,84.12999725341797,80.75118255615234,4658200,2021-05-05,84.65067
1848,2021-05-06,84.80999755859375,84.9000015258789,83.52999877929688,84.68000030517578,81.27909088134766,4903900,2021-05-06,84.741035
1849,2021-05-07,84.80999755859375,85.93000030517578,84.13999938964844,85.70999908447266,82.2677230834961,6056000,2021-05-07,85.21285
1850,2021-05-10,86.86000061035156,87.04000091552734,84.93000030517578,85.04000091552734,81.62464904785156,9042600,2021-05-10,86.25023
1851,2021-05-11,84.23999786376953,85.19999694824219,83.3499984741211,84.33000183105469,80.94316101074219,6708100,2021-05-11,85.89536
1852,2021-05-12,84.2300033569336,84.86000061035156,82.22000122070312,82.27999877929688,78.9754867553711,6086800,2021-05-12,85.04866
1853,2021-05-13,82.30000305175781,84.27999877929688,82.13999938964844,83.77999877929688,80.41524505615234,4701200,2021-05-13,82.91331
1854,2021-05-14,84.44999694824219,86.06999969482422,84.36000061035156,85.87999725341797,82.43089294433594,4989200,2021-05-14,83.62259
1855,2021-05-17,85.05999755859375,86.56999969482422,85.05999755859375,86.56999969482422,83.09318542480469,5059800,2021-05-17,85.946884
1856,2021-05-18,86.19999694824219,86.95999908447266,85.3499984741211,85.37999725341797,81.95098114013672,7438300,2021-05-18,87.26214
1857,2021-05-19,84.83999633789062,85.2699966430664,83.58000183105469,85.20999908447266,81.78781127929688,9296500,2021-05-19,86.4321
1858,2021-05-20,84.73999786376953,85.55999755859375,84.08999633789062,85.2300033569336,82.29959869384766,10059900,2021-05-20,85.87602
1859,2021-05-21,85.8499984741211,87.0999984741211,85.55000305175781,85.80999755859375,82.85964965820312,5803800,2021-05-21,85.70693
1860,2021-05-24,86.48999786376953,86.94999694824219,86.0,86.4800033569336,83.50660705566406,5113300,2021-05-24,86.21452
1861,2021-05-25,86.62999725341797,87.27999877929688,85.98999786376953,86.26000213623047,83.29418182373047,7606300,2021-05-25,86.99198
1862,2021-05-26,86.33000183105469,86.7300033569336,86.0,86.5,83.52592468261719,4826200,2021-05-26,86.99534
1863,2021-05-27,88.5,88.80999755859375,87.70999908447266,88.61000061035156,85.56336212158203,10492200,2021-05-27,87.145386
1864,2021-05-28,88.4000015258789,88.83000183105469,88.04000091552734,88.70999908447266,85.65992736816406,4850300,2021-05-28,89.05191
1865,2021-06-01,89.80999755859375,89.93000030517578,88.83999633789062,88.98999786376953,85.93031311035156,4302200,2021-06-01,89.6523
1866,2021-06-02,89.25,89.25,88.44999694824219,88.62999725341797,85.58268737792969,4429100,2021-06-02,89.96116
1867,2021-06-03,88.11000061035156,88.97000122070312,87.88999938964844,88.68000030517578,85.63096618652344,4083200,2021-06-03,89.62678
1868,2021-06-04,88.6500015258789,89.23999786376953,88.55000305175781,89.0199966430664,85.95926666259766,4082800,2021-06-04,89.50666
1869,2021-06-07,88.97000122070312,89.1500015258789,88.4800033569336,88.97000122070312,85.9109878540039,5693900,2021-06-07,89.75074
1870,2021-06-08,89.19999694824219,89.77999877929688,88.76000213623047,89.44999694824219,86.37449645996094,4777000,2021-06-08,89.76782
1871,2021-06-09,89.36000061035156,89.56999969482422,88.81999969482422,88.8499984741211,85.79511260986328,4594500,2021-06-09,90.1736
1872,2021-06-10,89.80000305175781,89.9800033569336,88.16000366210938,88.25,85.21575164794922,4826300,2021-06-10,89.73755
1873,2021-06-11,88.69999694824219,88.97000122070312,88.16999816894531,88.80999755859375,85.7564926147461,4082700,2021-06-11,89.04608
1874,2021-06-14,88.72000122070312,89.19000244140625,88.25,88.72000122070312,85.66959381103516,5924900,2021-06-14,89.335754
1875,2021-06-15,88.94999694824219,89.80000305175781,88.80000305175781,89.4000015258789,86.32621765136719,5336700,2021-06-15,89.37875
1876,2021-06-16,89.2300033569336,89.43000030517578,87.94999694824219,88.43000030517578,85.38957214355469,8033800,2021-06-16,89.99819
1877,2021-06-17,88.4800033569336,88.7300033569336,86.31999969482422,87.12999725341797,84.13426208496094,7480500,2021-06-17,89.312195
1878,2021-06-18,85.9000015258789,86.7300033569336,85.62000274658203,85.91999816894531,82.96585845947266,10387200,2021-06-18,87.92924
1879,2021-06-21,86.75,88.13999938964844,86.5199966430664,88.0,84.97434997558594,5097400,2021-06-21,86.449524
1880,2021-06-22,87.68000030517578,88.05999755859375,86.86000061035156,87.37999725341797,84.37565612792969,4150100,2021-06-22,87.94967
1881,2021-06-23,87.41999816894531,87.61000061035156,86.56999969482422,86.5999984741211,83.62248229980469,3524500,2021-06-23,87.9829
1882,2021-06-24,87.18000030517578,87.18000030517578,86.26000213623047,86.8499984741211,83.86388397216797,5335200,2021-06-24,87.282005
1883,2021-06-25,87.02999877929688,87.4000015258789,86.68000030517578,86.72000122070312,83.73835754394531,6611000,2021-06-25,87.27087
1884,2021-06-28,86.38999938964844,86.4000015258789,84.76000213623047,85.11000061035156,82.1837158203125,5738300,2021-06-28,87.19584
1885,2021-06-29,85.37999725341797,85.87000274658203,84.33999633789062,84.44000244140625,81.53675079345703,6496800,2021-06-29,85.76974
1886,2021-06-30,84.33999633789062,85.66999816894531,84.13999938964844,85.30999755859375,82.3768310546875,4744500,2021-06-30,84.74251
1887,2021-07-01,85.41999816894531,86.25,85.2699966430664,86.22000122070312,83.25555419921875,3903900,2021-07-01,85.31331
1888,2021-07-02,86.5,87.0,85.83000183105469,86.69999694824219,83.71904754638672,4185400,2021-07-02,86.44038
1889,2021-07-06,86.1500015258789,86.48999786376953,84.93000030517578,85.75,82.80171203613281,4140000,2021-07-06,87.22585
1890,2021-07-07,85.16999816894531,86.04000091552734,84.81999969482422,85.83000183105469,82.87896728515625,4127200,2021-07-07,86.54908
1891,2021-07-08,84.5999984741211,85.77999877929688,84.0199966430664,85.44000244140625,82.50236511230469,4665500,2021-07-08,86.34347
1892,2021-07-09,86.5,86.75,86.0199966430664,86.37999725341797,83.41004943847656,4556200,2021-07-09,85.94609
1893,2021-07-12,85.55999755859375,86.4000015258789,85.0199966430664,86.22000122070312,83.25555419921875,5464400,2021-07-12,86.69815
1894,2021-07-13,86.16999816894531,86.23999786376953,85.26000213623047,85.33000183105469,82.39614868164062,4595000,2021-07-13,86.816376
1895,2021-07-14,85.18000030517578,85.88999938964844,84.45999908447266,84.91000366210938,81.99058532714844,3665400,2021-07-14,86.02652
1896,2021-07-15,84.08999633789062,85.52999877929688,83.94000244140625,84.9800033569336,82.05818176269531,3460800,2021-07-15,85.38103
1897,2021-07-16,85.62000274658203,85.75,83.30000305175781,83.52999877929688,80.65803527832031,4023800,2021-07-16,85.28736
1898,2021-07-19,81.80000305175781,81.95999908447266,79.72000122070312,81.05000305175781,78.26331329345703,9221300,2021-07-19,84.02574
1899,2021-07-20,81.30000305175781,85.12999725341797,81.0199966430664,84.80000305175781,81.88436889648438,7935000,2021-07-20,81.43623
1900,2021-07-21,85.2699966430664,86.95999908447266,85.05000305175781,86.58000183105469,83.6031723022461,5398300,2021-07-21,84.10378
1901,2021-07-22,86.2699966430664,86.5,85.19000244140625,85.81999969482422,82.86930084228516,4124300,2021-07-22,86.80554
1902,2021-07-23,86.7300033569336,86.7300033569336,85.61000061035156,85.80999755859375,82.85964965820312,2607600,2021-07-23,86.81304
1903,2021-07-26,85.7300033569336,86.19999694824219,85.41999816894531,85.94999694824219,82.99483489990234,3759800,2021-07-26,86.60836
1904,2021-07-27,87.5999984741211,89.45999908447266,87.41000366210938,88.22000122070312,85.18678283691406,8429700,2021-07-27,86.57734
1905,2021-07-28,89.12000274658203,89.12000274658203,86.94999694824219,87.19999694824219,84.20185852050781,5517100,2021-07-28,88.59876
1906,2021-07-29,88.62999725341797,88.6500015258789,87.48999786376953,87.6500015258789,84.63639068603516,4135400,2021-07-29,88.25283
1907,2021-07-30,87.37000274658203,87.76000213623047,86.66000366210938,86.94999694824219,83.96044158935547,4443600,2021-07-30,88.4391
1908,2021-08-02,87.13999938964844,88.73999786376953,86.51000213623047,86.61000061035156,83.63214111328125,4049200,2021-08-02,87.81157
1909,2021-08-03,86.69000244140625,88.0,85.33000183105469,87.97000122070312,84.94538116455078,4629200,2021-08-03,87.2875
1910,2021-08-04,86.87000274658203,87.38999938964844,85.6500015258789,85.81999969482422,82.86930084228516,5286000,2021-08-04,88.36023
1911,2021-08-05,86.41000366210938,87.43000030517578,86.19000244140625,86.87999725341797,83.89285278320312,3604600,2021-08-05,86.79501
1912,2021-08-06,87.44999694824219,87.9800033569336,87.16999816894531,87.58000183105469,84.56878662109375,3020200,2021-08-06,87.211395
1913,2021-08-09,87.05999755859375,87.43000030517578,86.52999877929688,87.08000183105469,84.08598327636719,3265600,2021-08-09,88.026344
1914,2021-08-10,87.19000244140625,88.05999755859375,87.0,87.6500015258789,84.63639068603516,2909100,2021-08-10,87.83021
1915,2021-08-11,87.80999755859375,88.66000366210938,87.43000030517578,88.62000274658203,85.57303619384766,3724800,2021-08-11,88.23137
1916,2021-08-12,88.4000015258789,88.66000366210938,87.37999725341797,87.9800033569336,84.95504760742188,2816500,2021-08-12,89.19959
1917,2021-08-13,88.0999984741211,88.13999938964844,87.13999938964844,87.25,84.25013732910156,3051300,2021-08-13,88.88356
1918,2021-08-16,86.72000122070312,87.26000213623047,85.56999969482422,87.13999938964844,84.14391326904297,3895900,2021-08-16,88.077866
1919,2021-08-17,86.4000015258789,87.16999816894531,85.6500015258789,86.61000061035156,83.63214111328125,3999200,2021-08-17,87.71534
1920,2021-08-18,86.05000305175781,86.91999816894531,85.41000366210938,85.4800033569336,82.54098510742188,4256200,2021-08-18,87.17479
1921,2021-08-19,84.33000183105469,84.83999633789062,82.97000122070312,83.3499984741211,80.96730041503906,5707000,2021-08-19,86.04525
1922,2021-08-20,83.29000091552734,84.4800033569336,83.0,84.05000305175781,81.64730072021484,4502400,2021-08-20,83.84521
1923,2021-08-23,84.58000183105469,85.58000183105469,84.51000213623047,84.95999908447266,82.5312728881836,3367700,2021-08-23,83.85882
1924,2021-08-24,85.11000061035156,86.08000183105469,85.0,85.43000030517578,82.98784637451172,4751800,2021-08-24,84.91018
1925,2021-08-25,85.62000274658203,86.44000244140625,85.0,85.7300033569336,83.27925872802734,3195200,2021-08-25,85.74672
1926,2021-08-26,85.66000366210938,85.80000305175781,84.5199966430664,84.76000213623047,82.33699035644531,2596000,2021-08-26,86.23646
1927,2021-08-27,85.18000030517578,86.13999938964844,85.1500015258789,85.4000015258789,82.95869445800781,3590400,2021-08-27,85.453186
1928,2021-08-30,85.48999786376953,85.5199966430664,84.69999694824219,84.80000305175781,82.37584686279297,2936800,2021-08-30,85.73688
1929,2021-08-31,84.6500015258789,85.41999816894531,84.33999633789062,84.76000213623047,82.33699035644531,3969600,2021-08-31,85.322395
1930,2021-09-01,85.13999938964844,85.13999938964844,83.91999816894531,84.0999984741211,81.69585418701172,4109000,2021-09-01,85.16406
1931,2021-09-02,84.19999694824219,84.94999694824219,84.12999725341797,84.54000091552734,82.123291015625,3471600,2021-09-02,84.55066
1932,2021-09-03,84.37999725341797,84.62999725341797,83.5,83.6500015258789,81.25872802734375,3300100,2021-09-03,84.782684
1933,2021-09-07,83.36000061035156,83.6500015258789,82.36000061035156,83.0,80.62731170654297,5701400,2021-09-07,84.109375
1934,2021-09-08,82.83000183105469,83.4800033569336,82.19999694824219,82.87000274658203,80.50102996826172,3911400,2021-09-08,83.32117
1935,2021-09-09,82.93000030517578,84.3499984741211,82.7300033569336,83.66000366210938,81.26844787597656,4521200,2021-09-09,83.00711
1936,2021-09-10,84.18000030517578,84.45999908447266,82.80000305175781,83.0,80.62731170654297,3893400,2021-09-10,83.71506
1937,2021-09-13,83.77999877929688,84.2300033569336,82.76000213623047,83.63999938964844,81.24900817871094,4768000,2021-09-13,83.40188
1938,2021-09-14,83.80000305175781,83.83999633789062,82.26000213623047,82.73999786376953,80.37474060058594,5253300,2021-09-14,83.85906
1939,2021-09-15,83.18000030517578,85.05999755859375,82.83000183105469,84.87000274658203,82.44384765625,5673400,2021-09-15,83.204315
1940,2021-09-16,84.94000244140625,85.12999725341797,83.87999725341797,84.0199966430664,81.6181411743164,5907500,2021-09-16,84.9146
1941,2021-09-17,83.58999633789062,84.01000213623047,82.37000274658203,83.38999938964844,81.00615692138672,23128700,2021-09-17,84.702255
1942,2021-09-20,81.9000015258789,83.5999984741211,81.5199966430664,83.44999694824219,81.06443786621094,8217100,2021-09-20,83.97481
1943,2021-09-21,83.68000030517578,84.1500015258789,82.66999816894531,83.11000061035156,80.73416137695312,5900300,2021-09-21,83.767
1944,2021-09-22,83.97000122070312,85.95999908447266,83.61000061035156,85.2699966430664,82.83240509033203,6233700,2021-09-22,83.44176
1945,2021-09-23,85.58000183105469,87.0,85.51000213623047,86.75,84.27009582519531,5906800,2021-09-23,85.340706
1946,2021-09-24,86.56999969482422,87.66999816894531,86.36000061035156,87.16000366210938,84.66839599609375,4665900,2021-09-24,87.27988
1947,2021-09-27,87.7300033569336,88.47000122070312,87.2300033569336,87.33999633789062,84.8432388305664,4162100,2021-09-27,88.09375
1948,2021-09-28,87.0999984741211,87.7300033569336,86.47000122070312,86.83999633789062,84.35752868652344,5781200,2021-09-28,88.32173
1949,2021-09-29,87.16999816894531,87.81999969482422,86.69000244140625,86.98999786376953,84.50324249267578,3612600,2021-09-29,87.81068
1950,2021-09-30,87.48999786376953,87.5,85.86000061035156,85.95999908447266,83.50269317626953,5642900,2021-09-30,87.7159
1951,2021-10-01,86.80000305175781,87.93000030517578,86.13999938964844,87.4800033569336,84.979248046875,5499500,2021-10-01,86.756035
1952,2021-10-04,87.0,88.0,86.43000030517578,87.69000244140625,85.1832275390625,5490600,2021-10-04,87.8226
1953,2021-10-05,88.0,89.48999786376953,87.7300033569336,88.72000122070312,86.18379211425781,4820500,2021-10-05,88.36897
1954,2021-10-06,88.19999694824219,89.4000015258789,87.44999694824219,89.2699966430664,86.71806335449219,4354100,2021-10-06,89.404655
1955,2021-10-07,89.88999938964844,90.62999725341797,89.75,90.1500015258789,87.57291412353516,3750900,2021-10-07,90.123184
1956,2021-10-08,90.30000305175781,90.83000183105469,89.73999786376953,90.62000274658203,88.02948760986328,3342700,2021-10-08,91.02273
1957,2021-10-11,90.72000122070312,91.37999725341797,89.83999633789062,89.88999938964844,87.3203353881836,3048000,2021-10-11,91.604225
1958,2021-10-12,89.61000061035156,90.55999755859375,89.16000366210938,89.72000122070312,87.15520477294922,3404100,2021-10-12,91.036125
1959,2021-10-13,89.80999755859375,90.0,88.31999969482422,89.68000030517578,87.11634826660156,3285500,2021-10-13,90.64371
1960,2021-10-14,90.31999969482422,90.47000122070312,89.11000061035156,89.16999816894531,86.62093353271484,4225300,2021-10-14,90.470665
1961,2021-10-15,89.8499984741211,91.29000091552734,89.66999816894531,90.91999816894531,88.32089233398438,4581600,2021-10-15,89.977776
1962,2021-10-18,90.0999984741211,91.12000274658203,89.31999969482422,90.80000305175781,88.20433807373047,3898700,2021-10-18,91.388916
1963,2021-10-19,90.9800033569336,91.48999786376953,90.44999694824219,91.2300033569336,88.62205505371094,4195100,2021-10-19,91.694244
1964,2021-10-20,90.69000244140625,91.91000366210938,90.08000183105469,91.68000030517578,89.0591812133789,3916600,2021-10-20,92.10824
1965,2021-10-21,91.33000183105469,91.66999816894531,90.58000183105469,91.61000061035156,88.99117279052734,4274900,2021-10-21,92.56068
1966,2021-10-22,91.66999816894531,92.31999969482422,91.18000030517578,91.86000061035156,89.2340316772461,4160800,2021-10-22,92.58059
1967,2021-10-25,91.66999816894531,91.9800033569336,90.69999694824219,91.30000305175781,88.69003295898438,5953900,2021-10-25,92.7599
1968,2021-10-26,88.29000091552734,91.19000244140625,87.0,89.16000366210938,86.61121368408203,9122500,2021-10-26,92.28939
1969,2021-10-27,89.1500015258789,90.55999755859375,88.69000244140625,89.16000366210938,86.61121368408203,4273200,2021-10-27,90.26729
1970,2021-10-28,89.36000061035156,89.80999755859375,88.73999786376953,89.19000244140625,86.64035034179688,4179900,2021-10-28,89.66037
1971,2021-10-29,89.05999755859375,89.76000213623047,88.51000213623047,88.86000061035156,86.31978607177734,5202300,2021-10-29,89.61208
1972,2021-11-01,88.91000366210938,89.19000244140625,87.95999908447266,88.55000305175781,86.0186538696289,4588800,2021-11-01,89.39949
1973,2021-11-02,88.52999877929688,88.80999755859375,87.19999694824219,87.80000305175781,85.29009246826172,4554100,2021-11-02,89.10568
1974,2021-11-03,87.0199966430664,88.79000091552734,86.94999694824219,88.66999816894531,86.13521575927734,4148500,2021-11-03,88.38893
1975,2021-11-04,88.33999633789062,89.08999633789062,87.76000213623047,88.05999755859375,85.54265594482422,3711700,2021-11-04,88.98344
1976,2021-11-05,89.7699966430664,91.2300033569336,89.05999755859375,91.18000030517578,88.57347869873047,4330400,2021-11-05,88.68346
1977,2021-11-08,91.30999755859375,91.66999816894531,90.30999755859375,90.70999908447266,88.11690521240234,4469100,2021-11-08,91.385056
1978,2021-11-09,90.70999908447266,91.06999969482422,89.97000122070312,90.98999786376953,88.38890075683594,3372900,2021-11-09,91.72186
1979,2021-11-10,91.0199966430664,91.44000244140625,90.13999938964844,90.18000030517578,87.60205078125,3503200,2021-11-10,91.97466
1980,2021-11-11,90.08000183105469,90.41999816894531,88.69000244140625,89.05000305175781,86.50435638427734,4993600,2021-11-11,91.24526
1981,2021-11-12,89.18000030517578,89.25,88.62000274658203,88.86000061035156,86.31978607177734,3273100,2021-11-12,89.99827
1982,2021-11-15,89.62999725341797,89.62999725341797,88.83999633789062,89.3499984741211,86.79578399658203,3423100,2021-11-15,89.46695
1983,2021-11-16,89.2699966430664,89.81999969482422,88.80999755859375,88.9000015258789,86.35865020751953,4746200,2021-11-16,89.81367
1984,2021-11-17,88.76000213623047,89.05000305175781,87.19000244140625,87.44999694824219,84.95008850097656,3910600,2021-11-17,89.57995
1985,2021-11-18,87.19000244140625,87.79000091552734,86.33999633789062,86.91000366210938,84.92078399658203,4376300,2021-11-18,88.24228
1986,2021-11-19,86.25,86.25,85.05999755859375,85.43000030517578,83.47465515136719,5478200,2021-11-19,87.36783
1987,2021-11-22,85.80999755859375,87.63999938964844,85.68000030517578,86.80000305175781,84.81329345703125,6819800,2021-11-22,85.876366
1988,2021-11-23,87.31999969482422,87.73999786376953,86.73999786376953,87.30999755859375,85.31163024902344,5950700,2021-11-23,86.73857
1989,2021-11-24,86.93000030517578,87.4800033569336,86.68000030517578,87.19000244140625,85.19437408447266,3464500,2021-11-24,87.6085
1990,2021-11-26,83.55999755859375,83.58999633789062,81.41999816894531,83.0,81.10028076171875,7113600,2021-11-26,87.77956
1991,2021-11-29,84.08999633789062,84.44999694824219,82.5199966430664,82.94000244140625,81.04166412353516,5835000,2021-11-29,84.088646
1992,2021-11-30,82.12000274658203,82.5,80.27999877929688,80.91999816894531,79.06787872314453,7966000,2021-11-30,82.782715
1993,2021-12-01,82.13999938964844,82.13999938964844,79.0,79.05000305175781,77.24068450927734,8499000,2021-12-01,80.834435
1994,2021-12-02,80.05000305175781,82.2300033569336,79.51000213623047,81.66000366210938,79.79095458984375,6409100,2021-12-02,78.72943
1995,2021-12-03,81.61000061035156,82.12000274658203,80.12000274658203,81.11000061035156,79.2535400390625,6038900,2021-12-03,80.67705
1996,2021-12-06,82.25,84.38999938964844,81.66999816894531,83.76000213623047,81.84288024902344,4964200,2021-12-06,81.124886
1997,2021-12-07,84.43000030517578,85.80000305175781,84.05000305175781,85.01000213623047,83.06427001953125,5102900,2021-12-07,83.64566
1998,2021-12-08,85.83999633789062,87.6500015258789,85.80000305175781,86.5,84.52017211914062,6749500,2021-12-08,85.49914
1999,2021-12-09,86.0,86.56999969482422,85.5199966430664,86.16000366210938,84.18795776367188,4241900,2021-12-09,87.222946
2000,2021-12-10,86.91000366210938,86.9800033569336,85.69999694824219,86.16000366210938,84.18795776367188,3294400,2021-12-10,87.23091
2001,2021-12-13,85.44999694824219,85.94000244140625,84.04000091552734,84.33000183105469,82.39984130859375,4173900,2021-12-13,87.06059
2002,2021-12-14,83.62999725341797,84.73999786376953,83.2300033569336,83.5,81.58882904052734,6144700,2021-12-14,85.28541
2003,2021-12-15,83.45999908447266,83.72000122070312,82.06999969482422,83.43000030517578,81.52043151855469,5388300,2021-12-15,83.95246
2004,2021-12-16,84.26000213623047,84.5199966430664,82.45999908447266,82.69999694824219,80.80713653564453,4546300,2021-12-16,83.57062
2005,2021-12-17,82.69999694824219,83.0199966430664,81.16999816894531,82.27999877929688,80.39675903320312,8892600,2021-12-17,82.933876
2006,2021-12-20,81.02999877929688,81.3499984741211,79.69000244140625,81.02999877929688,79.17536926269531,5828400,2021-12-20,82.428505
2007,2021-12-21,81.66999816894531,83.91999816894531,81.66999816894531,83.68000030517578,81.76470184326172,7301900,2021-12-21,81.21435
2008,2021-12-22,83.4800033569336,84.75,83.43000030517578,84.06999969482422,82.14578247070312,3852800,2021-12-22,83.312874
2009,2021-12-23,84.55999755859375,85.19999694824219,84.5199966430664,84.9000015258789,82.956787109375,2650000,2021-12-23,84.44545
2010,2021-12-27,84.72000122070312,85.4000015258789,84.23999786376953,85.23999786376953,83.28900146484375,2743700,2021-12-27,85.44091
2011,2021-12-28,85.06999969482422,86.3499984741211,84.77999877929688,86.0199966430664,84.0511474609375,3220100,2021-12-28,85.925095
2012,2021-12-29,85.58000183105469,86.06999969482422,85.22000122070312,85.88999938964844,83.92412567138672,2085300,2021-12-29,86.665245
2013,2021-12-30,86.04000091552734,86.5,85.69999694824219,85.80000305175781,83.83618927001953,2459400,2021-12-30,86.6896
2014,2021-12-31,85.7300033569336,86.33000183105469,85.5,86.05999755859375,84.09024047851562,2667700,2021-12-31,86.5357
2015,2022-01-03,86.08000183105469,87.13999938964844,86.06999969482422,86.97000122070312,84.97940826416016,5169200,2022-01-03,86.67759
2016,2022-01-04,87.87000274658203,90.06999969482422,87.69999694824219,90.0199966430664,87.9595947265625,6044200,2022-01-04,87.52354
2017,2022-01-05,90.19999694824219,91.52999877929688,89.4000015258789,89.56999969482422,87.51990509033203,6833600,2022-01-05,90.495964
2018,2022-01-06,90.4000015258789,90.93000030517578,89.61000061035156,90.05999755859375,87.99868774414062,5559000,2022-01-06,90.82963
2019,2022-01-07,90.26000213623047,91.37000274658203,90.08999633789062,90.44000244140625,88.36998748779297,4835300,2022-01-07,91.18836
2020,2022-01-10,90.68000030517578,90.79000091552734,89.23999786376953,89.7300033569336,87.67623901367188,4884200,2022-01-10,91.48785
2021,2022-01-11,89.73999786376953,90.83999633789062,89.2699966430664,90.72000122070312,88.6435775756836,4529800,2022-01-11,90.86506
2022,2022-01-12,91.0,91.55000305175781,90.83999633789062,91.06999969482422,88.98556518554688,4613100,2022-01-12,91.49624
2023,2022-01-13,91.37999725341797,92.45999908447266,90.95999908447266,91.55999755859375,89.46434783935547,5026300,2022-01-13,91.96307
2024,2022-01-14,91.05000305175781,92.4800033569336,90.72000122070312,92.33000183105469,90.21672821044922,4987400,2022-01-14,92.484474
2025,2022-01-18,91.33000183105469,91.9000015258789,90.27999877929688,90.75,88.67289733886719,6010200,2022-01-18,93.24635
2026,2022-01-19,90.7300033569336,91.33999633789062,89.58000183105469,89.69999694824219,87.64691925048828,4887800,2022-01-19,92.017166
2027,2022-01-20,89.95999908447266,90.83000183105469,88.25,88.36000061035156,86.33759307861328,5354700,2022-01-20,90.68051
2028,2022-01-21,88.5199966430664,88.80999755859375,86.81999969482422,87.20999908447266,85.21391296386719,5846500,2022-01-21,89.115295
2029,2022-01-24,85.7699966430664,88.30000305175781,84.80000305175781,88.12000274658203,86.10308837890625,8849700,2022-01-24,87.70639
2030,2022-01-25,85.0,91.29000091552734,85.0,90.30999755859375,88.24296569824219,10377400,2022-01-25,88.207115
2031,2022-01-26,89.9800033569336,91.5199966430664,87.47000122070312,88.9800033569336,86.94341278076172,9829100,2022-01-26,90.456116
2032,2022-01-27,89.91999816894531,91.4800033569336,88.4000015258789,89.27999877929688,87.23654174804688,6998700,2022-01-27,89.95111
2033,2022-01-28,88.97000122070312,90.37000274658203,87.4800033569336,90.33000183105469,88.26250457763672,5877600,2022-01-28,89.987366
2034,2022-01-31,89.61000061035156,90.41000366210938,89.01000213623047,90.19000244140625,88.1257095336914,6419700,2022-01-31,90.89698
2035,2022-02-01,90.0999984741211,90.94000244140625,89.2699966430664,90.7300033569336,88.65335845947266,6558400,2022-02-01,91.03446
2036,2022-02-02,90.30000305175781,92.69000244140625,90.25,92.54000091552734,90.42192840576172,5978600,2022-02-02,91.51288
2037,2022-02-03,92.1500015258789,92.98999786376953,91.62000274658203,92.80999755859375,90.68572998046875,7171700,2022-02-03,93.21008
2038,2022-02-04,92.36000061035156,93.9000015258789,92.11000061035156,93.01000213623047,90.88116455078125,6321400,2022-02-04,93.86545
2039,2022-02-07,93.45999908447266,94.7300033569336,93.01000213623047,94.02999877929688,91.87781524658203,4932700,2022-02-07,94.13532
2040,2022-02-08,93.83000183105469,95.31999969482422,92.87000274658203,95.06999969482422,92.89401245117188,8173200,2022-02-08,95.00791
2041,2022-02-09,96.02999877929688,96.31999969482422,95.4800033569336,96.0,93.80272674560547,5394900,2022-02-09,96.07951
2042,2022-02-10,95.31999969482422,96.95999908447266,94.55000305175781,95.05999755859375,92.88423919677734,6534300,2022-02-10,97.09626
2043,2022-02-11,95.25,96.05000305175781,94.08000183105469,95.2699966430664,93.08943176269531,6532900,2022-02-11,96.46858
2044,2022-02-14,95.51000213623047,95.5999984741211,92.88999938964844,93.56999969482422,91.42835235595703,6419200,2022-02-14,96.3966
2045,2022-02-15,93.58999633789062,94.9000015258789,93.56999969482422,94.04000091552734,91.88758850097656,4616000,2022-02-15,94.86558
2046,2022-02-16,94.01000213623047,95.2699966430664,93.91999816894531,94.75,92.58133697509766,4560900,2022-02-16,94.82476
2047,2022-02-17,93.97000122070312,95.16999816894531,93.44000244140625,94.36000061035156,92.20027160644531,5753300,2022-02-17,95.45271
2048,2022-02-18,94.13999938964844,95.01000213623047,92.98999786376953,93.37000274658203,91.23292541503906,6544800,2022-02-18,95.314064
2049,2022-02-22,93.62000274658203,94.73999786376953,92.79000091552734,93.54000091552734,91.39903259277344,5862200,2022-02-22,94.41438
2050,2022-02-23,94.30000305175781,94.52999877929688,92.05000305175781,92.23999786376953,90.12879180908203,6903300,2022-02-23,94.29542
2051,2022-02-24,93.0,94.6500015258789,89.30999755859375,94.25,92.60479736328125,9698500,2022-02-24,93.16911
2052,2022-02-25,94.38999938964844,98.2699966430664,94.19999694824219,98.12000274658203,96.40724182128906,8692300,2022-02-25,94.62444
2053,2022-02-28,99.0199966430664,102.95999908447266,98.4000015258789,102.69999694824219,100.90729522705078,16726100,2022-02-28,98.429794
2054,2022-03-01,102.7699966430664,104.33999633789062,102.18000030517578,102.7300033569336,100.93677520751953,12340900,2022-03-01,103.266945
2055,2022-03-02,102.19999694824219,102.51000213623047,99.77999877929688,100.73999786376953,98.98150634765625,12834600,2022-03-02,104.25193
2056,2022-03-03,101.05999755859375,101.3499984741211,98.62999725341797,99.83000183105469,98.08739471435547,8613500,2022-03-03,102.74236
2057,2022-03-04,99.94999694824219,99.94999694824219,98.2300033569336,99.58999633789062,97.85157775878906,8627200,2022-03-04,101.43489
2058,2022-03-07,101.29000091552734,103.0999984741211,98.12000274658203,98.19000244140625,96.47602844238281,12759000,2022-03-07,100.78693
2059,2022-03-08,98.01000213623047,98.4000015258789,94.69000244140625,94.8499984741211,93.19432830810547,9410600,2022-03-08,99.43199
2060,2022-03-09,95.25,99.08000183105469,95.25,98.5199966430664,96.80026245117188,7100500,2022-03-09,96.295
2061,2022-03-10,98.16999816894531,99.80000305175781,97.66000366210938,98.51000213623047,96.79043579101562,5118400,2022-03-10,98.54524
2062,2022-03-11,98.77999877929688,99.75,96.80000305175781,96.91999816894531,95.22818756103516,4354300,2022-03-11,99.21199
2063,2022-03-14,97.16999816894531,97.66000366210938,95.41000366210938,97.04000091552734,95.3460922241211,5581700,2022-03-14,98.11193
2064,2022-03-15,97.87999725341797,98.0999984741211,96.56999969482422,97.62000274658203,95.91597747802734,5417600,2022-03-15,97.88809
2065,2022-03-16,97.04000091552734,97.63999938964844,94.06999969482422,95.80000305175781,94.12774658203125,8813000,2022-03-16,98.32056
2066,2022-03-17,96.5999984741211,97.79000091552734,95.83000183105469,97.75,96.04370880126953,6537200,2022-03-17,96.93425
2067,2022-03-18,98.0,98.27999877929688,96.33000183105469,97.5199966430664,95.81771850585938,10438500,2022-03-18,98.23074
2068,2022-03-21,97.83999633789062,100.81999969482422,97.80000305175781,99.94000244140625,98.19548034667969,6673700,2022-03-21,98.39534
2069,2022-03-22,99.80000305175781,101.62999725341797,98.91000366210938,101.37999725341797,99.61033630371094,6048300,2022-03-22,100.51675
2070,2022-03-23,101.16000366210938,102.4800033569336,101.11000061035156,101.2300033569336,99.46295928955078,4471800,2022-03-23,102.21441
2071,2022-03-24,101.66000366210938,102.19999694824219,101.12999725341797,101.70999908447266,99.93457794189453,3894600,2022-03-24,102.46636
2072,2022-03-25,102.0,102.97000122070312,101.91999816894531,102.43000030517578,100.64201354980469,3521400,2022-03-25,102.863945
2073,2022-03-28,101.66999816894531,102.16000366210938,100.91999816894531,101.58999633789062,99.81666564941406,4053300,2022-03-28,103.4775
2074,2022-03-29,100.8499984741211,101.4000015258789,99.37000274658203,101.08000183105469,99.31558227539062,5038200,2022-03-29,102.878624
2075,2022-03-30,101.62999725341797,102.37999725341797,99.76000213623047,100.83000183105469,99.0699462890625,5168100,2022-03-30,102.27269
2076,2022-03-31,99.27999877929688,100.91000366210938,99.0,99.06999969482422,97.34066009521484,5505600,2022-03-31,101.86997
2077,2022-04-01,99.76000213623047,100.44999694824219,98.9800033569336,100.16999816894531,98.42146301269531,3608600,2022-04-01,100.30384
2078,2022-04-04,100.12000274658203,100.4000015258789,98.55999755859375,99.30000305175781,97.566650390625,3812300,2022-04-04,100.81918
2079,2022-04-05,99.4800033569336,100.51000213623047,98.61000061035156,98.80999755859375,97.08519744873047,4217100,2022-04-05,100.243355
2080,2022-04-06,98.31999969482422,99.27999877929688,98.12999725341797,98.45999908447266,96.7413101196289,5260800,2022-04-06,99.728905
2081,2022-04-07,98.25,101.2699966430664,97.9000015258789,100.9800033569336,99.21733093261719,6151500,2022-04-07,99.31139
2082,2022-04-08,101.9800033569336,102.73999786376953,100.06999969482422,100.4000015258789,98.64744567871094,4811400,2022-04-08,101.34777
2083,2022-04-11,100.63999938964844,102.94999694824219,100.63999938964844,102.11000061035156,100.32759857177734,5707600,2022-04-11,101.38152
2084,2022-04-12,102.18000030517578,103.9800033569336,102.06999969482422,102.5999984741211,100.80903625488281,4839200,2022-04-12,102.838745
2085,2022-04-13,103.31999969482422,104.44999694824219,102.63999938964844,103.37000274658203,101.56560516357422,5351900,2022-04-13,103.54073
2086,2022-04-14,103.88999938964844,104.9800033569336,103.66999816894531,104.2699966430664,102.44988250732422,4027400,2022-04-14,104.3307
2087,2022-04-18,104.26000213623047,105.45999908447266,103.91000366210938,104.30000305175781,102.4793701171875,3873300,2022-04-18,105.20571
2088,2022-04-19,104.44000244140625,105.66000366210938,104.16000366210938,104.55000305175781,102.72500610351562,4572800,2022-04-19,105.38731
2089,2022-04-20,105.68000030517578,106.0199966430664,104.27999877929688,104.97000122070312,103.1376724243164,4232200,2022-04-20,105.59347
2090,2022-04-21,105.8499984741211,106.0199966430664,101.4000015258789,101.7300033569336,99.95423889160156,5795300,2022-04-21,105.929825
2091,2022-04-22,101.44999694824219,102.55999755859375,100.37000274658203,100.48999786376953,98.73587036132812,4683300,2022-04-22,103.345245
2092,2022-04-25,99.8499984741211,99.91999816894531,97.56999969482422,99.61000061035156,97.8712387084961,5612500,2022-04-25,101.6656
2093,2022-04-26,96.9000015258789,100.94999694824219,96.77999877929688,99.19000244140625,97.45857238769531,7199200,2022-04-26,100.482735
2094,2022-04-27,99.22000122070312,99.91000366210938,97.5999984741211,98.83999633789062,97.11466979980469,6632100,2022-04-27,99.89106
2095,2022-04-28,99.0,99.26000213623047,96.9000015258789,98.08000183105469,96.36795043945312,6544200,2022-04-28,99.51836
2096,2022-04-29,98.47000122070312,98.88999938964844,94.61000061035156,94.91000366210938,93.25328063964844,5883000,2022-04-29,98.8537
2097,2022-05-02,94.51000213623047,95.33000183105469,92.4000015258789,94.22000122070312,92.57532501220703,7870600,2022-05-02,96.09383
2098,2022-05-03,95.18000030517578,96.12999725341797,94.31999969482422,95.4000015258789,93.73472595214844,5612200,2022-05-03,94.7716
2099,2022-05-04,94.98999786376953,98.0199966430664,94.94999694824219,97.76000213623047,96.05352783203125,6160800,2022-05-04,95.52164
2100,2022-05-05,97.80000305175781,98.19999694824219,95.41000366210938,96.31999969482422,94.638671875,5906500,2022-05-05,97.89622
2101,2022-05-06,95.70999908447266,96.05000305175781,93.72000122070312,95.30000305175781,93.636474609375,5295000,2022-05-06,97.35424
2102,2022-05-09,94.52999877929688,94.79000091552734,91.25,91.75,90.1484375,6071900,2022-05-09,96.3485
2103,2022-05-10,92.44000244140625,93.86000061035156,91.36000061035156,91.69000244140625,90.08948516845703,7526300,2022-05-10,93.04329
2104,2022-05-11,91.2699966430664,94.12999725341797,90.80999755859375,91.0,89.4115219116211,6493900,2022-05-11,92.04292
2105,2022-05-12,90.8499984741211,92.47000122070312,89.94000244140625,91.4800033569336,89.8831558227539,6356200,2022-05-12,91.330734
2106,2022-05-13,92.05000305175781,92.61000061035156,91.08999633789062,91.91999816894531,90.31546020507812,5465600,2022-05-13,91.70414
2107,2022-05-16,91.8499984741211,93.54000091552734,91.80999755859375,92.4800033569336,90.8656997680664,5158500,2022-05-16,92.31046
2108,2022-05-17,94.33000183105469,95.13999938964844,93.5,94.94999694824219,93.29257202148438,4447200,2022-05-17,93.02356
2109,2022-05-18,94.33000183105469,95.19999694824219,92.27999877929688,92.61000061035156,90.9934310913086,5843100,2022-05-18,95.38674
2110,2022-05-19,91.37999725341797,92.45999908447266,89.54000091552734,90.25,89.20439147949219,5234700,2022-05-19,93.97299
2111,2022-05-20,90.83999633789062,91.16999816894531,88.43000030517578,90.08000183105469,89.03636932373047,6585500,2022-05-20,91.484146
2112,2022-05-23,90.5999984741211,92.0199966430664,90.0,91.83000183105469,90.7660903930664,4701300,2022-05-23,90.5718
2113,2022-05-24,91.19999694824219,93.41999816894531,90.47000122070312,93.20999908447266,92.1301040649414,5932000,2022-05-24,91.980774
2114,2022-05-25,93.31999969482422,94.0999984741211,92.58999633789062,93.55999755859375,92.47604370117188,3742000,2022-05-25,93.70996
2115,2022-05-26,94.5199966430664,95.86000061035156,94.11000061035156,95.0,93.89936065673828,5545800,2022-05-26,94.48079
2116,2022-05-27,95.62999725341797,96.72000122070312,95.19999694824219,96.70999908447266,95.58955383300781,3394200,2022-05-27,95.870094
2117,2022-05-31,95.36000061035156,95.97000122070312,94.62999725341797,95.12000274658203,94.01797485351562,6478700,2022-05-31,97.63661
